Volume,Symbol,Adj_Close,High,Low,Date,Close,Open
870300,UBM.L,341.159,499.51,486.702,2007-12-28,497.958,486.702
1390500,UBM.L,337.17,503.78,489.419,2007-12-27,492.136,503.78
671300,UBM.L,340.361,501.451,489.031,2007-12-24,496.793,490.972
3768300,UBM.L,336.638,501.063,475.835,2007-12-21,491.36,477.775
1837700,UBM.L,325.736,476.999,468.072,2007-12-20,475.447,474.282
2487100,UBM.L,322.279,473.894,459.146,2007-12-19,470.401,461.863
2830100,UBM.L,311.643,467.296,454.876,2007-12-18,454.876,458.758
3259600,UBM.L,313.504,464.191,449.831,2007-12-17,457.593,464.191
3761100,UBM.L,313.504,465.744,456.041,2007-12-14,457.593,461.863
3086900,UBM.L,308.186,470.401,447.114,2007-12-13,449.831,470.401
3022600,UBM.L,322.545,473.506,460.31,2007-12-12,470.789,470.013
2048300,UBM.L,328.129,495.629,471.954,2007-12-11,478.94,495.241
1644200,UBM.L,336.904,492.912,477.775,2007-12-10,491.748,477.775
1831000,UBM.L,330.788,488.643,475.059,2007-12-07,482.821,480.88
1929700,UBM.L,326.002,489.419,471.954,2007-12-06,475.835,489.419
1361000,UBM.L,331.586,483.985,476.611,2007-12-05,483.985,476.999
2136000,UBM.L,327.065,486.314,471.177,2007-12-04,477.387,483.597
1907400,UBM.L,332.384,497.958,485.15,2007-12-03,485.15,497.57
2448800,UBM.L,339.563,501.063,492.912,2007-11-30,495.629,494.853
2464800,UBM.L,340.361,502.227,490.195,2007-11-29,496.793,495.241
2014600,UBM.L,338.766,497.003,470.401,2007-11-28,494.465,478.94
2249800,UBM.L,324.406,485.15,467.684,2007-11-27,473.506,477.387
2163700,UBM.L,330.788,498.734,480.492,2007-11-26,482.821,495.241
1448100,UBM.L,336.904,492.912,483.209,2007-11-23,491.748,483.597
2006900,UBM.L,331.054,485.538,472.73,2007-11-22,483.209,485.538
3131800,UBM.L,329.458,496.017,478.552,2007-11-21,480.88,484.374
2192000,UBM.L,337.702,494.465,480.104,2007-11-20,492.912,486.702
3896800,UBM.L,331.054,521.245,480.492,2007-11-19,483.209,517.752
2014200,UBM.L,352.593,530.948,512.318,2007-11-16,514.647,527.067
1720700,UBM.L,364.292,543.368,530.948,2007-11-15,531.724,542.98
2309300,UBM.L,369.079,545.696,532.888,2007-11-14,538.71,543.368
2107500,UBM.L,366.42,535.605,521.633,2007-11-13,534.829,521.633
4596600,UBM.L,361.102,565.879,514.259,2007-11-12,527.067,525.902
2034100,UBM.L,371.472,567.043,530.948,2007-11-09,542.203,564.714
2301300,UBM.L,383.172,560.833,537.158,2007-11-08,559.281,539.875
2514900,UBM.L,377.588,578.687,550.354,2007-11-07,551.13,577.522
1425500,UBM.L,392.479,588.39,571.312,2007-11-06,572.865,581.792
1619500,UBM.L,394.074,582.18,569.372,2007-11-05,575.194,569.372
3763500,UBM.L,399.924,592.659,561.609,2007-11-02,583.732,564.714
3786100,UBM.L,389.287,582.568,561.221,2007-11-01,568.207,562.774
2675700,UBM.L,386.894,565.491,545.696,2007-10-31,564.714,548.413
994900,UBM.L,373.865,551.906,542.203,2007-10-30,545.696,542.203
1647800,UBM.L,374.663,556.952,546.473,2007-10-29,546.861,552.683
846200,UBM.L,379.715,558.893,547.637,2007-10-26,554.235,558.893
1961100,UBM.L,379.449,557.34,544.92,2007-10-25,553.847,551.906
2653000,UBM.L,373.067,548.413,537.934,2007-10-24,544.532,545.696
2743300,UBM.L,371.472,546.085,536.382,2007-10-23,542.203,537.158
2829000,UBM.L,363.495,534.441,520.857,2007-10-22,530.56,520.857
4217600,UBM.L,365.356,541.427,525.902,2007-10-19,533.277,541.427
3402300,UBM.L,369.344,555.788,539.098,2007-10-18,539.098,555.011
5057200,UBM.L,378.652,561.609,551.13,2007-10-17,552.683,560.445
3837000,UBM.L,381.311,558.116,550.742,2007-10-16,556.564,551.518
1774200,UBM.L,380.247,580.627,554.235,2007-10-15,555.011,572.089
2611500,UBM.L,390.883,571.70,557.34,2007-10-12,570.536,562.774
2110800,UBM.L,390.351,580.627,567.819,2007-10-11,569.76,580.627
4264500,UBM.L,390.617,571.70,563.55,2007-10-10,570.148,566.655
2193300,UBM.L,385.565,568.596,555.788,2007-10-09,562.774,555.788
1838000,UBM.L,385.299,570.148,560.833,2007-10-08,562.386,569.76
928000,UBM.L,387.427,566.655,555.788,2007-10-05,565.491,558.504
1488500,UBM.L,383.704,571.70,557.728,2007-10-04,560.057,569.372
1572200,UBM.L,389.022,567.819,560.445,2007-10-03,567.819,560.445
2674200,UBM.L,382.64,566.267,549.19,2007-10-02,558.504,557.34
2806300,UBM.L,376.79,554.235,532.112,2007-10-01,549.966,533.277
4941500,UBM.L,368.281,548.025,531.336,2007-09-28,537.546,542.203
4211900,UBM.L,373.333,558.504,544.144,2007-09-27,544.92,552.294
2501900,UBM.L,372.27,549.578,541.427,2007-09-26,543.368,547.637
3609200,UBM.L,372.004,553.071,539.098,2007-09-25,542.98,551.906
1371600,UBM.L,378.119,557.728,550.742,2007-09-24,551.906,551.518
1876000,UBM.L,381.842,562.774,551.13,2007-09-21,557.34,551.13
3726700,UBM.L,382.108,565.102,551.906,2007-09-20,557.728,563.55
1870800,UBM.L,389.554,582.956,561.609,2007-09-19,568.596,565.102
1987200,UBM.L,377.056,560.057,548.801,2007-09-18,550.354,549.966
1757400,UBM.L,379.183,560.057,548.413,2007-09-17,553.459,555.011
2651300,UBM.L,383.438,568.207,556.952,2007-09-14,559.669,563.55
2134400,UBM.L,390.351,575.194,567.043,2007-09-13,569.76,571.312
2429700,UBM.L,395.403,577.134,570.924,2007-09-12,577.134,574.805
1105700,UBM.L,395.403,579.075,570.924,2007-09-11,577.134,572.089
3427200,UBM.L,389.287,580.239,563.55,2007-09-10,568.207,576.358
1248900,UBM.L,396.733,592.271,578.299,2007-09-07,579.075,592.271
643400,UBM.L,403.913,595.376,580.239,2007-09-06,589.554,594.211
1195200,UBM.L,402.583,599.645,585.673,2007-09-05,587.613,593.823
791400,UBM.L,411.358,600.809,591.106,2007-09-04,600.421,598.869
1558200,UBM.L,408.965,599.257,581.403,2007-09-03,596.928,594.211
1846700,UBM.L,402.317,594.60,583.732,2007-08-31,587.225,594.60
1780600,UBM.L,402.051,588.39,573.253,2007-08-30,586.837,580.239
1730300,UBM.L,390.883,573.641,561.997,2007-08-29,570.536,561.997
3097800,UBM.L,391.149,581.015,562.386,2007-08-28,570.924,570.148
1980400,UBM.L,392.479,574.805,561.221,2007-08-24,572.865,561.609
6102200,UBM.L,387.958,572.089,564.326,2007-08-23,566.267,570.148
3014200,UBM.L,385.033,568.207,558.504,2007-08-22,561.997,564.714
2801200,UBM.L,381.311,566.267,552.294,2007-08-21,556.564,564.326
2037700,UBM.L,382.374,575.582,556.564,2007-08-20,558.116,565.102
4776300,UBM.L,387.16,584.508,541.427,2007-08-17,565.102,562.774
4280900,UBM.L,379.183,566.655,553.459,2007-08-16,553.459,558.504
2552500,UBM.L,394.606,585.673,575.582,2007-08-15,575.97,579.851
2470600,UBM.L,404.444,599.645,585.285,2007-08-14,590.33,589.554
2998900,UBM.L,406.04,594.60,581.403,2007-08-13,592.659,589.554
6543000,UBM.L,393.808,579.075,566.655,2007-08-10,574.805,575.97
7341900,UBM.L,401.519,588.39,575.582,2007-08-09,586.061,580.627
4775800,UBM.L,403.913,596.928,585.673,2007-08-08,589.554,592.659
2525600,UBM.L,399.126,600.421,578.687,2007-08-07,582.568,600.421
3765700,UBM.L,403.115,593.823,579.463,2007-08-06,588.39,579.463
2504000,UBM.L,406.571,603.914,590.33,2007-08-03,593.435,596.928
2772500,UBM.L,410.56,605.079,591.106,2007-08-02,599.257,599.257
3205300,UBM.L,410.56,605.855,579.463,2007-08-01,599.257,579.463
3021200,UBM.L,410.826,617.11,590.718,2007-07-31,599.645,617.11
2581000,UBM.L,403.647,596.54,570.536,2007-07-30,589.166,584.897
4385400,UBM.L,403.115,607.019,573.641,2007-07-27,588.39,574.417
2813400,UBM.L,402.317,622.932,586.837,2007-07-26,587.225,609.348
3301300,UBM.L,418.005,624.873,605.855,2007-07-25,610.124,614.006
1958200,UBM.L,420.931,631.083,612.065,2007-07-24,614.394,623.709
1891200,UBM.L,432.099,634.188,625.649,2007-07-23,630.695,634.188
1839900,UBM.L,431.833,636.128,627.978,2007-07-20,630.307,627.978
1500400,UBM.L,432.365,636.516,622.544,2007-07-19,631.083,622.544
1137400,UBM.L,427.578,630.307,618.663,2007-07-18,624.097,618.663
2474900,UBM.L,429.972,637.681,626.425,2007-07-17,627.59,637.681
2157300,UBM.L,435.024,639.233,633.80,2007-07-16,634.964,636.516
2665400,UBM.L,433.694,641.562,631.083,2007-07-13,633.023,639.621
3915600,UBM.L,431.301,632.247,607.019,2007-07-12,629.53,624.485
3357800,UBM.L,428.908,628.754,619.439,2007-07-11,626.037,627.202
3374500,UBM.L,431.567,636.905,625.649,2007-07-10,629.918,636.905
1559400,UBM.L,434.492,642.726,631.471,2007-07-09,634.188,640.398
3152000,UBM.L,435.289,638.457,626.813,2007-07-06,635.352,630.695
3792000,UBM.L,430.503,634.964,612.065,2007-07-05,628.366,634.188
2776400,UBM.L,429.972,632.635,620.604,2007-07-04,627.59,632.635
1932900,UBM.L,426.515,626.037,615.946,2007-07-03,622.544,626.037
1702000,UBM.L,422.792,620.215,608.96,2007-07-02,617.11,608.96
3238800,UBM.L,422.792,622.156,607.796,2007-06-29,617.11,619.827
2819600,UBM.L,419.335,617.499,609.736,2007-06-28,612.065,617.499
5357500,UBM.L,416.942,614.782,605.467,2007-06-27,608.572,605.467
3835000,UBM.L,421.994,618.275,603.138,2007-06-26,615.946,603.138
2682300,UBM.L,417.74,611.677,600.033,2007-06-25,609.736,600.033
2394400,UBM.L,416.676,620.604,605.467,2007-06-22,608.184,608.184
3486300,UBM.L,420.398,625.261,610.124,2007-06-21,613.617,620.992
3872900,UBM.L,425.717,639.621,619.439,2007-06-20,621.38,632.635
3804600,UBM.L,434.492,643.891,633.80,2007-06-19,634.188,643.891
3672000,UBM.L,433.96,637.293,625.649,2007-06-18,633.412,630.695
3130500,UBM.L,434.226,635.352,627.202,2007-06-15,633.80,635.352
4997100,UBM.L,430.237,636.516,623.709,2007-06-14,627.978,634.188
3224600,UBM.L,421.994,623.709,612.065,2007-06-13,615.946,620.215
1969600,UBM.L,424.919,632.247,619.827,2007-06-12,620.215,627.978
2073400,UBM.L,432.099,638.069,629.142,2007-06-11,630.695,638.069
3187300,UBM.L,430.769,635.74,620.992,2007-06-08,628.754,625.261
4457500,UBM.L,433.162,647.384,630.695,2007-06-07,632.247,647.384
5467600,UBM.L,437.948,667.954,635.352,2007-06-06,639.233,667.566
2810800,UBM.L,449.649,672.612,655.534,2007-06-05,656.311,670.283
2090200,UBM.L,455.233,666.014,656.699,2007-06-04,664.461,657.863
2299000,UBM.L,454.169,666.014,652.041,2007-06-01,662.909,652.041
3471400,UBM.L,449.915,660.968,647.384,2007-05-31,656.699,660.968
1883000,UBM.L,445.394,654.758,640.01,2007-05-30,650.101,640.01
997500,UBM.L,447.787,658.639,651.653,2007-05-29,653.594,652.429
1326300,UBM.L,448.053,654.37,641.95,2007-05-25,653.982,641.95
1853800,UBM.L,445.394,655.146,646.219,2007-05-24,650.101,646.219
3268100,UBM.L,448.319,660.58,642.726,2007-05-23,654.37,642.726
2575000,UBM.L,444.862,657.475,647.772,2007-05-22,649.324,650.877
2918500,UBM.L,449.382,673.00,653.594,2007-05-21,655.922,673.00
2634200,UBM.L,454.967,666.79,651.653,2007-05-18,664.073,656.311
1970000,UBM.L,450.712,660.58,650.489,2007-05-17,657.863,654.37
3370800,UBM.L,445.128,652.818,638.457,2007-05-16,649.713,638.457
6751300,UBM.L,443.533,651.653,631.859,2007-05-15,647.384,649.324
1291400,UBM.L,438.214,648.16,638.457,2007-05-14,639.621,648.16
4914700,UBM.L,434.226,638.457,616.722,2007-05-11,633.80,616.722
8103000,UBM.L,435.821,652.041,636.128,2007-05-10,636.128,643.891
7945900,UBM.L,444.064,676.493,647.384,2007-05-09,648.16,663.685
3552200,UBM.L,449.649,677.657,652.429,2007-05-08,656.311,676.881
7705700,UBM.L,461.083,678.822,645.055,2007-05-04,673.00,654.37
3774900,UBM.L,439.81,648.548,633.412,2007-05-03,641.95,648.548
7136200,UBM.L,436.353,681.15,633.412,2007-05-02,636.905,645.831
1430900,UBM.L,440.342,650.489,631.083,2007-05-01,642.726,632.247
6639500,UBM.L,433.162,634.188,627.59,2007-04-30,632.247,633.023
2289900,UBM.L,430.769,647.772,620.992,2007-04-27,628.754,631.859
1432200,UBM.L,428.376,633.412,620.992,2007-04-26,625.261,632.635
1245000,UBM.L,427.046,626.813,619.051,2007-04-25,623.32,621.768
2131800,UBM.L,431.301,635.74,617.887,2007-04-24,629.53,627.978
1278200,UBM.L,433.694,646.996,629.142,2007-04-23,633.023,646.996
1836500,UBM.L,438.481,644.667,630.695,2007-04-20,640.01,630.695
2199700,UBM.L,433.428,634.188,620.992,2007-04-19,632.635,620.992
2358800,UBM.L,430.237,633.023,625.649,2007-04-18,627.978,626.037
2535300,UBM.L,433.162,633.80,617.887,2007-04-17,632.247,632.635
1646000,UBM.L,428.376,630.307,622.156,2007-04-16,625.261,630.307
1841800,UBM.L,426.249,631.083,619.827,2007-04-13,622.156,631.083
1748300,UBM.L,429.173,627.202,618.663,2007-04-12,626.425,620.215
2003700,UBM.L,429.439,629.142,620.604,2007-04-11,626.813,622.932
2373000,UBM.L,430.237,633.80,619.439,2007-04-10,627.978,631.471
1760000,UBM.L,427.313,625.261,598.093,2007-04-05,623.709,598.093
1926800,UBM.L,424.919,637.681,618.275,2007-04-04,620.215,636.128
2509700,UBM.L,431.567,648.936,621.768,2007-04-03,629.918,630.307
3447200,UBM.L,423.324,620.604,612.841,2007-04-02,617.887,620.604
2837000,UBM.L,421.728,621.38,615.17,2007-03-30,615.558,618.663
1812100,UBM.L,424.387,624.873,615.558,2007-03-29,619.439,622.156
2888800,UBM.L,421.197,622.156,608.572,2007-03-28,614.782,608.572
2213500,UBM.L,423.058,628.754,612.453,2007-03-27,617.499,628.754
1535900,UBM.L,424.387,626.813,616.334,2007-03-26,619.439,617.499
4073900,UBM.L,427.313,629.142,612.453,2007-03-23,623.709,616.334
2426900,UBM.L,423.59,635.74,617.11,2007-03-22,618.275,633.80
3662100,UBM.L,425.717,626.425,618.275,2007-03-21,621.38,623.32
3666500,UBM.L,428.11,650.489,608.572,2007-03-20,624.873,626.813
5455300,UBM.L,425.451,622.156,607.407,2007-03-19,620.992,614.782
5652100,UBM.L,419.069,617.11,601.586,2007-03-16,611.677,610.512
2253800,UBM.L,423.324,617.887,604.303,2007-03-15,617.887,613.229
2922700,UBM.L,410.56,612.453,598.093,2007-03-14,599.257,606.631
9189100,UBM.L,426.515,628.366,613.229,2007-03-13,622.544,613.229
3986000,UBM.L,423.59,622.156,612.065,2007-03-12,618.275,612.065
8731000,UBM.L,421.994,620.604,607.796,2007-03-09,615.946,620.215
17262700,UBM.L,424.919,630.307,615.558,2007-03-08,620.215,615.946
9870700,UBM.L,415.612,613.229,591.106,2007-03-07,606.631,605.467
3302800,UBM.L,398.328,583.732,572.477,2007-03-06,581.403,572.477
4757700,UBM.L,392.213,577.91,565.102,2007-03-05,572.477,565.102
13526700,UBM.L,400.988,589.554,558.893,2007-03-02,585.285,568.207
4709000,UBM.L,375.726,556.564,539.875,2007-03-01,548.413,552.294
5716400,UBM.L,377.056,553.071,542.203,2007-02-28,550.354,542.203
6359900,UBM.L,383.172,571.312,556.564,2007-02-27,559.281,563.162
913000,UBM.L,392.213,580.627,562.386,2007-02-26,572.477,562.774
3349200,UBM.L,391.681,579.851,570.536,2007-02-23,571.70,577.522
7523300,UBM.L,392.479,578.299,555.788,2007-02-22,572.865,562.774
7269100,UBM.L,379.981,555.788,550.742,2007-02-21,554.623,552.683
3530800,UBM.L,378.652,554.623,551.518,2007-02-20,552.683,551.906
1460200,UBM.L,377.588,558.504,549.578,2007-02-19,551.13,558.504
3247900,UBM.L,379.449,560.057,546.473,2007-02-16,553.847,546.861
7189000,UBM.L,377.588,552.683,548.413,2007-02-15,551.13,548.801
4241300,UBM.L,374.397,550.742,542.591,2007-02-14,546.473,545.308
2903300,UBM.L,373.865,549.578,543.756,2007-02-13,545.696,544.144
2098000,UBM.L,374.131,549.578,540.263,2007-02-12,546.085,540.263
2054900,UBM.L,374.929,550.354,543.756,2007-02-09,547.249,543.756
2982100,UBM.L,373.333,548.413,537.546,2007-02-08,544.92,537.546
4217200,UBM.L,374.131,551.13,523.962,2007-02-07,546.085,546.473
3508700,UBM.L,376.259,556.952,546.861,2007-02-06,549.19,546.861
3722900,UBM.L,376.79,559.669,547.249,2007-02-05,549.966,548.801
2161800,UBM.L,381.576,559.281,545.696,2007-02-02,556.952,545.696
2721000,UBM.L,379.715,554.235,548.413,2007-02-01,554.235,554.235
2379400,UBM.L,374.397,567.043,544.92,2007-01-31,546.473,546.085
3423800,UBM.L,376.79,559.281,546.861,2007-01-30,549.966,555.788
1999500,UBM.L,380.779,555.788,528.231,2007-01-29,555.788,544.144
2450000,UBM.L,378.652,556.176,548.025,2007-01-26,552.683,548.025
5089100,UBM.L,380.779,570.536,548.801,2007-01-25,555.788,549.19
1984300,UBM.L,382.108,561.609,555.011,2007-01-24,557.728,558.893
5965900,UBM.L,379.449,560.833,553.071,2007-01-23,553.847,558.893
4271700,UBM.L,382.64,567.819,557.728,2007-01-22,558.504,560.445
5481900,UBM.L,388.756,576.746,562.386,2007-01-19,567.431,567.819
4997500,UBM.L,387.692,565.879,565.879,2007-01-18,565.879,565.879
3027300,UBM.L,384.501,562.774,558.504,2007-01-17,561.221,561.221
6010900,UBM.L,382.108,561.221,555.011,2007-01-16,557.728,557.34
1086800,UBM.L,383.97,563.162,557.728,2007-01-15,560.445,558.893
2984200,UBM.L,383.172,566.267,558.504,2007-01-12,559.281,562.386
4883200,UBM.L,388.49,568.984,558.116,2007-01-11,567.043,558.116
4616700,UBM.L,382.64,563.162,551.518,2007-01-10,558.504,551.518
4194600,UBM.L,382.374,559.669,549.19,2007-01-09,558.116,549.966
3153400,UBM.L,376.79,554.235,544.92,2007-01-08,549.966,544.92
1986600,UBM.L,374.131,550.742,540.651,2007-01-05,546.085,540.651
2334900,UBM.L,376.259,556.176,547.249,2007-01-04,549.19,547.249
2701200,UBM.L,378.917,556.952,548.025,2007-01-03,553.071,548.413
1467700,UBM.L,374.663,549.19,529.784,2007-01-02,546.861,529.784
651500,UBM.L,368.547,543.368,524.35,2006-12-29,537.934,529.784
1607500,UBM.L,368.547,542.203,535.993,2006-12-28,537.934,537.158
6966600,UBM.L,370.143,540.263,528.231,2006-12-27,540.263,534.829
737100,UBM.L,366.951,542.98,535.605,2006-12-22,535.605,542.98
3306400,UBM.L,370.94,543.368,538.71,2006-12-21,541.427,541.427
6869300,UBM.L,369.877,549.578,539.487,2006-12-20,539.875,549.578
3514900,UBM.L,372.004,549.19,535.605,2006-12-19,542.98,535.605
1899600,UBM.L,371.206,543.756,539.098,2006-12-18,541.815,539.098
2709700,UBM.L,371.737,545.696,534.829,2006-12-15,542.591,542.591
1934300,UBM.L,369.611,546.861,535.993,2006-12-14,539.487,543.756
5860200,UBM.L,374.131,550.354,534.829,2006-12-13,546.085,536.77
3414900,UBM.L,365.622,544.532,532.112,2006-12-12,533.665,544.144
1761700,UBM.L,373.865,545.696,540.263,2006-12-11,545.696,542.591
1197900,UBM.L,371.472,545.696,537.158,2006-12-08,542.203,537.158
4307200,UBM.L,371.737,546.861,536.77,2006-12-07,542.591,538.71
1969700,UBM.L,372.536,553.071,538.71,2006-12-06,543.756,546.085
3361000,UBM.L,372.536,547.249,535.605,2006-12-05,543.756,535.605
1985400,UBM.L,366.154,537.158,529.395,2006-12-04,534.441,537.158
2688500,UBM.L,366.951,550.742,534.829,2006-12-01,535.605,548.801
6802000,UBM.L,372.27,551.518,539.487,2006-11-30,543.368,548.801
1746900,UBM.L,377.588,552.294,544.92,2006-11-29,551.13,549.19
6913100,UBM.L,373.865,547.637,535.993,2006-11-28,545.696,547.637
5722800,UBM.L,377.588,574.417,543.368,2006-11-27,551.13,543.368
2587500,UBM.L,370.674,541.815,534.441,2006-11-24,541.039,534.441
2113900,UBM.L,368.813,543.368,534.829,2006-11-23,538.322,537.934
6552600,UBM.L,369.877,550.354,537.934,2006-11-22,539.875,541.815
3755200,UBM.L,369.611,541.039,532.50,2006-11-21,539.487,532.50
1652100,UBM.L,366.951,536.382,529.395,2006-11-20,535.605,532.50
2014300,UBM.L,367.217,538.322,533.277,2006-11-17,535.993,533.277
1241100,UBM.L,367.484,540.263,532.888,2006-11-16,536.382,534.829
4075100,UBM.L,368.813,539.098,533.277,2006-11-15,538.322,539.098
3976300,UBM.L,366.951,538.322,530.948,2006-11-14,535.605,537.934
2382700,UBM.L,366.951,536.77,525.126,2006-11-13,535.605,525.126
2802600,UBM.L,362.165,530.948,525.902,2006-11-10,528.619,527.455
1607800,UBM.L,362.431,538.322,528.231,2006-11-09,529.007,538.322
3153400,UBM.L,364.558,535.217,526.679,2006-11-08,532.112,530.172
2583600,UBM.L,367.484,542.591,533.665,2006-11-07,536.382,542.591
5105100,UBM.L,370.408,540.651,530.56,2006-11-06,540.651,530.56
930200,UBM.L,364.824,534.441,528.619,2006-11-03,532.50,534.441
2257400,UBM.L,366.154,535.605,527.067,2006-11-02,534.441,534.441
1984500,UBM.L,367.217,543.756,533.277,2006-11-01,535.993,534.441
3026000,UBM.L,369.079,540.263,530.56,2006-10-31,538.71,530.56
2601700,UBM.L,366.42,537.546,524.738,2006-10-30,534.829,529.007
1971600,UBM.L,367.749,551.518,533.277,2006-10-27,536.77,543.368
4198000,UBM.L,373.333,553.459,538.71,2006-10-26,544.92,549.19
3297100,UBM.L,369.344,541.427,516.587,2006-10-25,539.098,531.724
2574200,UBM.L,366.685,537.158,531.724,2006-10-24,535.217,531.724
1777500,UBM.L,366.42,541.039,533.277,2006-10-23,534.829,541.039
1736300,UBM.L,366.951,539.487,533.665,2006-10-20,535.605,537.546
5127700,UBM.L,369.079,544.532,525.126,2006-10-19,538.71,525.126
2595500,UBM.L,363.761,534.053,524.35,2006-10-18,530.948,529.784
2462100,UBM.L,358.709,530.56,519.692,2006-10-17,523.574,526.29
1769200,UBM.L,361.633,531.724,526.679,2006-10-16,527.843,530.948
2486800,UBM.L,364.292,533.665,528.231,2006-10-13,531.724,533.277
3247500,UBM.L,362.165,539.875,528.619,2006-10-12,528.619,531.724
2414400,UBM.L,363.495,534.829,526.29,2006-10-11,530.56,527.843
2077700,UBM.L,363.495,535.993,529.007,2006-10-10,530.56,535.993
3183100,UBM.L,363.761,538.71,528.619,2006-10-09,530.948,532.50
4406900,UBM.L,370.143,557.34,530.948,2006-10-06,540.263,557.34
7232800,UBM.L,380.512,555.399,533.277,2006-10-05,555.399,537.158
4308100,UBM.L,362.697,531.724,511.542,2006-10-04,529.395,511.542
2434600,UBM.L,347.541,508.437,503.003,2006-10-03,507.273,505.332
3387600,UBM.L,349.401,515.035,507.273,2006-10-02,509.989,514.647
3645200,UBM.L,352.327,517.364,510.766,2006-09-29,514.259,514.647
2415100,UBM.L,350.731,517.364,511.154,2006-09-28,511.93,516.199
6248200,UBM.L,351.795,523.962,504.556,2006-09-27,513.483,510.378
4641000,UBM.L,344.615,503.391,490.972,2006-09-26,503.003,493.30
1740700,UBM.L,334.777,490.583,483.597,2006-09-25,488.643,489.031
1894000,UBM.L,335.043,489.807,484.374,2006-09-22,489.031,484.374
3200600,UBM.L,335.043,490.972,483.209,2006-09-21,489.031,483.209
2169100,UBM.L,331.32,483.597,480.88,2006-09-20,483.597,482.821
3776500,UBM.L,330.256,487.09,476.611,2006-09-19,482.045,482.045
2419900,UBM.L,328.661,484.762,478.552,2006-09-18,479.716,484.762
1998900,UBM.L,332.384,488.643,482.433,2006-09-15,485.15,483.597
1657000,UBM.L,332.118,486.702,482.433,2006-09-14,484.762,482.433
1566600,UBM.L,331.586,490.195,481.657,2006-09-13,483.985,485.926
1454900,UBM.L,333.447,487.867,476.999,2006-09-12,486.702,481.269
880700,UBM.L,328.129,487.09,476.223,2006-09-11,478.94,487.09
917000,UBM.L,332.118,487.478,482.045,2006-09-08,484.762,485.15
1335200,UBM.L,329.991,485.538,480.88,2006-09-07,481.657,482.433
1721300,UBM.L,334.245,492.912,486.702,2006-09-06,487.867,492.912
2662000,UBM.L,335.84,493.30,483.985,2006-09-05,490.195,493.30
1580200,UBM.L,335.043,490.583,486.702,2006-09-04,489.031,489.031
1351200,UBM.L,332.915,486.314,480.492,2006-09-01,485.926,482.433
1721600,UBM.L,328.129,483.597,477.387,2006-08-31,478.94,482.433
1518500,UBM.L,330.522,483.209,475.835,2006-08-30,482.433,478.552
932600,UBM.L,327.863,482.433,469.237,2006-08-29,478.552,481.657
1163800,UBM.L,327.598,479.716,474.671,2006-08-25,478.164,478.552
1075200,UBM.L,329.725,481.657,473.118,2006-08-24,481.269,476.223
1617100,UBM.L,326.268,485.926,475.447,2006-08-23,476.223,484.762
2909300,UBM.L,330.256,485.15,476.999,2006-08-22,482.045,477.387
1607600,UBM.L,326.534,478.164,470.401,2006-08-21,476.611,473.118
3863900,UBM.L,327.598,479.328,475.447,2006-08-18,478.164,478.552
5072700,UBM.L,328.129,483.597,473.894,2006-08-17,478.94,476.611
6086600,UBM.L,324.672,475.835,470.401,2006-08-16,473.894,475.835
2316500,UBM.L,323.343,474.671,468.849,2006-08-15,471.954,468.849
4019600,UBM.L,323.875,478.94,469.237,2006-08-14,472.73,478.94
3476900,UBM.L,323.343,473.506,468.461,2006-08-11,471.954,468.461
5410200,UBM.L,322.279,480.492,457.981,2006-08-10,470.401,473.506
1896400,UBM.L,329.192,482.433,475.835,2006-08-09,480.492,482.433
1891000,UBM.L,327.863,487.867,477.775,2006-08-08,478.552,486.702
948400,UBM.L,329.991,486.314,475.447,2006-08-07,481.657,477.775
2123800,UBM.L,332.384,508.825,481.269,2006-08-04,485.15,492.912
5030800,UBM.L,331.852,492.912,482.821,2006-08-03,484.374,492.524
2430100,UBM.L,335.043,492.136,485.538,2006-08-02,489.031,485.926
2084900,UBM.L,332.915,493.688,483.985,2006-08-01,485.926,488.255
4672800,UBM.L,336.106,504.168,490.583,2006-07-31,490.583,495.241
4084400,UBM.L,337.436,494.853,477.775,2006-07-28,492.524,480.88
3520900,UBM.L,328.661,488.255,467.296,2006-07-27,479.716,467.296
5884000,UBM.L,325.47,481.269,470.789,2006-07-26,475.059,473.118
5770500,UBM.L,318.823,470.013,454.10,2006-07-25,465.356,459.534
2200500,UBM.L,312.441,461.474,453.324,2006-07-24,456.041,458.369
4382900,UBM.L,312.175,456.817,450.607,2006-07-21,455.653,452.548
4884200,UBM.L,312.175,460.698,447.502,2006-07-20,455.653,450.607
5026900,UBM.L,304.729,447.114,433.142,2006-07-19,444.785,438.964
3961500,UBM.L,297.816,437.799,427.32,2006-07-18,434.694,434.694
5857900,UBM.L,297.55,449.831,433.53,2006-07-17,434.306,447.502
5772300,UBM.L,306.059,457.205,442.845,2006-07-14,446.726,449.831
5600000,UBM.L,314.302,475.835,457.981,2006-07-13,458.758,474.671
1814600,UBM.L,328.395,484.374,478.164,2006-07-12,479.328,484.374
1923400,UBM.L,328.927,487.09,465.744,2006-07-11,480.104,483.597
1272900,UBM.L,333.713,489.419,483.209,2006-07-10,487.09,483.209
3218400,UBM.L,332.915,492.912,484.374,2006-07-07,485.926,492.912
2964700,UBM.L,336.106,496.405,490.195,2006-07-06,490.583,494.077
2017100,UBM.L,339.297,504.944,493.688,2006-07-05,495.241,504.944
1380900,UBM.L,345.413,509.601,498.734,2006-07-04,504.168,509.601
1893400,UBM.L,346.477,508.825,497.958,2006-07-03,505.72,506.884
8804100,UBM.L,344.349,504.556,479.716,2006-06-30,502.615,497.57
2704700,UBM.L,333.181,488.255,482.433,2006-06-29,486.314,486.702
3572900,UBM.L,329.725,484.762,475.447,2006-06-28,481.269,478.94
5563700,UBM.L,327.065,485.538,476.611,2006-06-27,477.387,485.538
6384600,UBM.L,328.661,494.853,470.013,2006-06-26,479.716,489.419
2713500,UBM.L,334.511,492.524,484.374,2006-06-23,488.255,491.748
4325400,UBM.L,333.447,497.181,485.15,2006-06-22,486.702,497.181
2097000,UBM.L,335.043,496.017,482.821,2006-06-21,489.031,496.017
2917600,UBM.L,337.436,496.793,487.867,2006-06-20,492.524,489.031
3499600,UBM.L,340.095,500.286,487.478,2006-06-19,496.405,496.405
4737700,UBM.L,338.50,509.989,490.972,2006-06-16,494.077,503.78
3937700,UBM.L,338.766,502.227,489.807,2006-06-15,494.465,493.688
4441500,UBM.L,333.713,489.419,479.716,2006-06-14,487.09,485.15
7030300,UBM.L,329.991,483.597,473.894,2006-06-13,481.657,478.552
2932400,UBM.L,335.043,494.077,486.702,2006-06-12,489.031,494.077
2174400,UBM.L,337.702,504.168,484.762,2006-06-09,492.912,484.762
5060400,UBM.L,330.256,490.195,466.132,2006-06-08,482.045,484.374
1979000,UBM.L,341.69,502.227,491.36,2006-06-07,498.734,501.451
6540100,UBM.L,340.361,516.199,493.688,2006-06-06,496.793,516.199
2194100,UBM.L,355.517,532.112,516.199,2006-06-05,518.916,532.112
4348300,UBM.L,359.24,528.231,509.213,2006-06-02,524.35,521.633
3592900,UBM.L,350.997,512.318,502.227,2006-06-01,512.318,502.227
5724100,UBM.L,347.541,512.318,487.867,2006-05-31,507.273,495.629
4377200,UBM.L,346.477,513.871,496.017,2006-05-30,505.72,508.437
3428900,UBM.L,351.529,518.14,506.108,2006-05-26,513.094,514.259
3779700,UBM.L,348.87,520.857,499.898,2006-05-25,509.213,518.528
4027700,UBM.L,346.742,512.318,496.793,2006-05-24,506.108,503.78
5124800,UBM.L,350.20,522.797,503.003,2006-05-23,511.154,508.049
4708500,UBM.L,343.818,527.455,501.063,2006-05-22,501.839,527.455
2898800,UBM.L,358.974,529.007,518.528,2006-05-19,523.962,526.29
6466100,UBM.L,359.24,536.77,520.081,2006-05-18,524.35,536.77
8524800,UBM.L,363.495,550.742,530.172,2006-05-17,530.56,535.993
8551500,UBM.L,363.761,542.203,522.021,2006-05-16,530.948,530.948
3821400,UBM.L,361.899,532.50,515.811,2006-05-15,528.231,530.948
5177000,UBM.L,364.292,552.683,530.56,2006-05-12,531.724,544.144
3317400,UBM.L,376.524,554.623,545.696,2006-05-11,549.578,545.696
3606200,UBM.L,374.929,555.399,546.861,2006-05-10,547.249,553.847
4224400,UBM.L,381.842,558.116,548.413,2006-05-09,557.34,557.34
2898900,UBM.L,379.715,562.774,551.13,2006-05-08,554.235,562.774
2914400,UBM.L,382.374,560.833,549.19,2006-05-05,558.116,553.071
4966400,UBM.L,376.79,556.176,547.249,2006-05-04,549.966,551.906
9124700,UBM.L,376.524,562.774,547.249,2006-05-03,549.578,555.011
5410000,UBM.L,379.183,574.417,551.13,2006-05-02,553.459,574.417
3105800,UBM.L,380.512,561.609,544.92,2006-04-28,555.399,558.504
1871900,UBM.L,384.767,567.431,558.116,2006-04-27,561.609,567.431
2627600,UBM.L,386.628,568.207,561.997,2006-04-26,564.326,567.819
2865700,UBM.L,391.947,580.627,568.984,2006-04-25,572.089,574.417
2557100,UBM.L,392.479,574.417,565.102,2006-04-24,572.865,570.924
1264700,UBM.L,391.149,577.91,564.326,2006-04-21,570.924,577.91
1053600,UBM.L,392.744,574.029,564.326,2006-04-20,573.253,565.879
3343400,UBM.L,385.565,563.55,557.34,2006-04-19,562.774,558.893
2508500,UBM.L,378.917,559.669,551.13,2006-04-18,553.071,559.669
4338400,UBM.L,381.842,562.386,552.683,2006-04-13,557.34,559.281
3201800,UBM.L,382.108,561.609,555.011,2006-04-12,557.728,555.788
2564000,UBM.L,382.108,572.089,554.623,2006-04-11,557.728,572.089
3671500,UBM.L,391.149,578.299,566.655,2006-04-10,570.924,567.431
6011100,UBM.L,391.149,579.075,562.774,2006-04-07,570.924,570.536
3465000,UBM.L,388.756,583.732,565.491,2006-04-06,567.431,575.194
1519700,UBM.L,391.947,574.029,562.386,2006-04-05,572.089,570.148
8626000,UBM.L,387.958,570.536,561.997,2006-04-04,566.267,565.102
3961400,UBM.L,389.022,570.148,564.714,2006-04-03,567.819,567.431
3347200,UBM.L,385.831,569.372,556.564,2006-03-31,563.162,556.564
3621400,UBM.L,384.235,566.655,557.728,2006-03-30,560.833,558.116
2382000,UBM.L,383.172,573.253,553.071,2006-03-29,559.281,556.564
3753900,UBM.L,379.715,560.445,548.801,2006-03-28,554.235,557.34
1520600,UBM.L,379.715,564.714,553.071,2006-03-27,554.235,557.728
3919600,UBM.L,383.704,566.267,555.399,2006-03-24,560.057,560.445
4072900,UBM.L,381.842,568.207,552.294,2006-03-23,557.34,561.609
6720800,UBM.L,385.299,563.938,535.993,2006-03-22,562.386,537.158
4180500,UBM.L,367.217,538.71,527.843,2006-03-21,535.993,527.843
2489900,UBM.L,359.772,531.336,522.797,2006-03-20,525.126,530.172
3482300,UBM.L,361.368,530.56,523.574,2006-03-17,527.455,530.56
2071200,UBM.L,361.633,528.619,523.574,2006-03-16,527.843,527.843
4983400,UBM.L,360.038,530.948,522.409,2006-03-15,525.514,527.843
3544200,UBM.L,361.102,529.784,513.483,2006-03-14,527.067,517.364
5356500,UBM.L,352.858,518.14,504.556,2006-03-13,515.035,513.483
2497600,UBM.L,349.934,512.706,501.451,2006-03-10,510.766,506.496
3720100,UBM.L,348.87,518.916,504.556,2006-03-09,509.213,513.483
4367600,UBM.L,348.604,526.29,505.72,2006-03-08,508.825,519.304
1493500,UBM.L,358.176,523.962,513.094,2006-03-07,522.797,513.094
1999500,UBM.L,355.517,527.067,516.199,2006-03-06,518.916,522.409
1232000,UBM.L,357.91,527.455,519.692,2006-03-03,522.409,523.962
2251100,UBM.L,360.836,528.619,522.409,2006-03-02,526.679,527.843
1880400,UBM.L,360.569,543.368,518.14,2006-03-01,526.29,521.245
3578700,UBM.L,357.113,526.29,512.318,2006-02-28,521.245,516.199
1502400,UBM.L,354.986,522.797,504.556,2006-02-27,518.14,519.304
1156800,UBM.L,357.645,524.35,511.542,2006-02-24,522.021,516.587
1663800,UBM.L,353.922,524.738,513.871,2006-02-23,516.587,520.857
1105300,UBM.L,358.974,526.679,518.14,2006-02-22,523.962,520.081
1478500,UBM.L,354.454,533.277,512.318,2006-02-21,517.364,533.277
659200,UBM.L,354.986,520.081,514.259,2006-02-20,518.14,514.259
1030000,UBM.L,356.316,522.797,511.93,2006-02-17,520.081,517.364
925600,UBM.L,356.049,525.126,516.976,2006-02-16,519.692,521.245
1720300,UBM.L,354.986,519.304,513.094,2006-02-15,518.14,518.528
5451000,UBM.L,352.593,520.857,513.094,2006-02-14,514.647,520.857
502800,UBM.L,356.316,520.081,520.081,2006-02-13,520.081,523.962
1202500,UBM.L,356.316,524.738,512.706,2006-02-10,520.081,516.199
2068200,UBM.L,357.91,527.455,509.989,2006-02-09,522.409,518.916
1811900,UBM.L,351.795,514.259,504.944,2006-02-08,513.483,504.944
1837200,UBM.L,350.997,527.455,509.989,2006-02-07,512.318,521.245
1550400,UBM.L,353.922,522.409,512.318,2006-02-06,516.587,512.318
778400,UBM.L,350.731,516.976,506.884,2006-02-03,511.93,516.976
3178900,UBM.L,351.795,540.263,513.094,2006-02-02,513.483,525.126
2650400,UBM.L,356.847,521.245,503.78,2006-02-01,520.857,508.437
2207100,UBM.L,346.477,508.049,502.227,2006-01-31,505.72,505.332
901000,UBM.L,346.742,510.378,503.78,2006-01-30,506.108,510.378
3141600,UBM.L,348.072,511.542,505.72,2006-01-27,508.049,508.437
1809300,UBM.L,344.881,504.556,492.912,2006-01-26,503.391,503.78
2158700,UBM.L,342.754,501.839,490.195,2006-01-25,500.286,490.583
2269000,UBM.L,332.915,492.136,483.985,2006-01-24,485.926,492.136
780100,UBM.L,334.777,492.912,487.09,2006-01-23,488.643,492.912
1747600,UBM.L,339.297,499.122,493.30,2006-01-20,495.241,499.122
5011600,UBM.L,339.829,499.898,488.255,2006-01-19,496.017,489.031
2518900,UBM.L,331.586,490.195,473.506,2006-01-18,483.985,487.867
1747400,UBM.L,337.702,496.405,485.538,2006-01-17,492.912,491.748
3081800,UBM.L,341.159,504.168,490.583,2006-01-16,497.958,491.748
1125500,UBM.L,337.967,495.629,489.419,2006-01-13,493.30,492.912
1288300,UBM.L,338.233,496.793,478.552,2006-01-12,493.688,492.912
1876200,UBM.L,337.702,492.912,487.478,2006-01-11,492.912,490.972
1520100,UBM.L,336.106,498.346,488.643,2006-01-10,490.583,497.181
2298500,UBM.L,339.297,504.556,494.465,2006-01-09,495.241,504.556
1965500,UBM.L,344.083,514.259,494.465,2006-01-06,502.227,497.181
3842500,UBM.L,339.563,506.496,491.36,2006-01-05,495.629,506.496
2269600,UBM.L,345.147,507.273,498.346,2006-01-04,503.78,504.556
2681000,UBM.L,341.425,503.391,492.912,2006-01-03,498.346,492.912
734800,UBM.L,338.766,496.793,466.52,2005-12-30,494.465,466.52
796800,UBM.L,336.372,500.675,488.643,2005-12-29,490.972,493.688
985800,UBM.L,339.829,500.675,493.688,2005-12-28,496.017,495.241
1950000,UBM.L,339.829,499.51,485.926,2005-12-23,496.017,485.926
904600,UBM.L,334.245,489.031,480.88,2005-12-22,487.867,487.867
2530500,UBM.L,332.65,486.314,473.894,2005-12-21,485.538,475.447
1779500,UBM.L,325.736,478.164,471.954,2005-12-20,475.447,473.894
3592400,UBM.L,324.14,476.223,463.803,2005-12-19,473.118,466.908
6548000,UBM.L,318.557,476.999,462.251,2005-12-16,464.968,469.237
2278200,UBM.L,320.95,472.342,462.251,2005-12-15,468.461,469.625
2407100,UBM.L,319.088,471.954,464.968,2005-12-14,465.744,471.954
3319400,UBM.L,322.013,480.104,469.625,2005-12-13,470.013,480.104
2203100,UBM.L,327.065,480.88,470.013,2005-12-12,477.387,480.104
2856200,UBM.L,321.482,470.013,464.968,2005-12-09,469.237,469.237
2403800,UBM.L,320.418,476.999,465.744,2005-12-08,467.684,470.401
1220300,UBM.L,326.002,480.104,471.954,2005-12-07,475.835,471.954
2086200,UBM.L,324.672,480.88,471.954,2005-12-06,473.894,480.104
2814300,UBM.L,326.799,481.269,473.506,2005-12-05,476.999,473.506
1830500,UBM.L,329.458,487.867,476.223,2005-12-02,480.88,487.867
6813900,UBM.L,330.788,485.926,468.072,2005-12-01,482.821,469.625
3141700,UBM.L,320.95,469.625,461.863,2005-11-30,468.461,466.132
2184000,UBM.L,318.557,472.73,462.251,2005-11-29,464.968,462.251
1753300,UBM.L,316.695,465.356,459.285,2005-11-28,462.251,460.698
2074200,UBM.L,316.429,462.639,459.724,2005-11-25,461.863,462.251
1631400,UBM.L,315.897,465.356,457.981,2005-11-24,461.086,457.981
1074700,UBM.L,315.897,464.579,458.758,2005-11-23,461.086,464.579
2949600,UBM.L,317.493,465.744,458.841,2005-11-22,463.415,465.744
1819200,UBM.L,314.834,464.502,456.041,2005-11-21,459.534,458.758
3355600,UBM.L,315.365,463.803,446.338,2005-11-18,460.31,446.338
4284200,UBM.L,314.834,465.356,444.397,2005-11-17,459.534,465.356
7026800,UBM.L,305.793,448.666,443.233,2005-11-16,446.338,445.95
5563400,UBM.L,306.059,449.443,439.74,2005-11-15,446.726,443.621
1422400,UBM.L,303.932,448.278,437.023,2005-11-14,443.621,437.023
621900,UBM.L,302.602,443.233,435.728,2005-11-11,441.68,442.457
1257000,UBM.L,299.145,439.74,431.201,2005-11-10,436.635,438.575
3025300,UBM.L,296.22,440.904,431.589,2005-11-09,432.365,440.904
2335300,UBM.L,298.614,444.009,435.859,2005-11-08,435.859,444.009
1694600,UBM.L,302.07,446.338,436.146,2005-11-07,440.904,438.187
3260400,UBM.L,299.411,444.009,435.859,2005-11-04,437.023,444.009
3801800,UBM.L,303.134,443.621,434.306,2005-11-03,442.457,440.128
3717400,UBM.L,299.145,440.516,421.102,2005-11-02,436.635,422.662
1564100,UBM.L,289.839,423.439,414.512,2005-11-01,423.051,418.005
1962100,UBM.L,285.052,418.781,410.957,2005-10-31,416.064,412.571
2069800,UBM.L,280.266,411.407,407.138,2005-10-28,409.078,409.855
1135100,UBM.L,280.798,412.959,406.75,2005-10-27,409.855,408.302
1532900,UBM.L,281.064,418.005,410.243,2005-10-26,410.243,418.005
1812300,UBM.L,280.531,417.229,409.466,2005-10-25,409.466,417.229
2896700,UBM.L,284.52,416.841,404.421,2005-10-24,415.288,409.855
1642500,UBM.L,279.202,408.302,400.02,2005-10-21,407.526,405.197
3277400,UBM.L,280.266,409.466,404.809,2005-10-20,409.078,409.466
6751400,UBM.L,277.075,409.078,402.092,2005-10-19,404.421,409.078
5732500,UBM.L,280.00,412.183,407.526,2005-10-18,408.69,411.795
5596700,UBM.L,281.595,415.288,410.243,2005-10-17,411.019,414.124
2482400,UBM.L,282.659,412.959,404.421,2005-10-14,412.571,407.138
2984800,UBM.L,280.266,418.005,409.078,2005-10-13,409.078,418.005
3826500,UBM.L,283.723,423.051,410.631,2005-10-12,414.124,423.051
2027500,UBM.L,290.37,424.991,419.946,2005-10-11,423.827,422.274
1040600,UBM.L,290.105,424.215,418.005,2005-10-10,423.439,421.886
1756300,UBM.L,286.648,426.544,414.124,2005-10-07,418.393,419.558
2003900,UBM.L,288.243,427.708,418.781,2005-10-06,420.722,424.991
1765000,UBM.L,294.891,436.635,428.872,2005-10-05,430.425,436.635
1602100,UBM.L,298.614,435.859,431.589,2005-10-04,435.859,433.53
1802100,UBM.L,298.347,435.859,427.669,2005-10-03,435.47,427.708
1029200,UBM.L,294.359,430.425,426.156,2005-09-30,429.649,426.932
1675600,UBM.L,291.434,429.649,423.051,2005-09-29,425.379,429.649
2111600,UBM.L,293.295,428.872,423.827,2005-09-28,428.096,425.379
1786800,UBM.L,289.041,429.261,420.334,2005-09-27,421.886,429.261
816500,UBM.L,291.434,426.156,421.498,2005-09-26,425.379,426.156
694400,UBM.L,289.041,424.603,419.558,2005-09-23,421.886,421.11
2514500,UBM.L,288.509,424.215,420.334,2005-09-22,421.11,422.274
1673400,UBM.L,289.041,431.977,421.498,2005-09-21,421.886,427.708
2559500,UBM.L,296.22,432.754,430.813,2005-09-20,432.365,430.813
2449200,UBM.L,295.422,434.306,426.544,2005-09-19,431.201,426.544
2208800,UBM.L,294.093,431.977,424.409,2005-09-16,429.261,427.514
1873800,UBM.L,294.226,434.112,429.455,2005-09-15,429.455,434.112
1888800,UBM.L,297.018,435.276,429.649,2005-09-14,433.53,435.276
1349900,UBM.L,296.486,439.352,431.783,2005-09-13,432.754,436.635
4203400,UBM.L,299.677,441.874,435.47,2005-09-12,437.411,440.904
2547900,UBM.L,300.342,441.68,436.635,2005-09-09,438.381,440.904
1523500,UBM.L,300.607,443.233,437.799,2005-09-08,438.769,440.128
925900,UBM.L,302.868,444.397,439.74,2005-09-07,442.068,441.68
1260900,UBM.L,303.001,444.009,437.799,2005-09-06,442.263,440.71
2050900,UBM.L,300.342,440.086,436.247,2005-09-05,438.381,438.769
3979700,UBM.L,301.804,440.516,434.703,2005-09-02,440.516,438.575
6405200,UBM.L,299.411,441.098,425.871,2005-09-01,437.023,435.082
5945100,UBM.L,296.486,433.142,420.441,2005-08-31,432.754,422.274
1331300,UBM.L,287.712,425.379,419.946,2005-08-30,419.946,424.603
2472300,UBM.L,287.977,426.932,418.921,2005-08-26,420.334,424.603
1895400,UBM.L,289.706,425.379,422.026,2005-08-25,422.857,425.379
1499300,UBM.L,293.029,429.261,425.379,2005-08-24,427.708,429.261
1027900,UBM.L,293.029,432.171,426.738,2005-08-23,427.708,428.096
3389900,UBM.L,292.764,428.872,423.953,2005-08-22,427.32,426.932
1880800,UBM.L,293.029,429.843,425.064,2005-08-19,427.708,427.514
6626200,UBM.L,293.162,434.694,419.946,2005-08-18,427.902,419.946
2348300,UBM.L,289.041,424.215,418.371,2005-08-17,421.886,419.363
2605700,UBM.L,289.306,426.932,419.752,2005-08-16,422.274,421.304
5348600,UBM.L,288.642,423.827,414.753,2005-08-15,421.304,416.064
5038100,UBM.L,284.786,420.45,415.564,2005-08-12,415.676,419.169
5920600,UBM.L,285.584,423.633,416.064,2005-08-11,416.841,420.722
11075700,UBM.L,289.041,426.932,421.498,2005-08-10,421.886,426.156
7364800,UBM.L,293.561,432.365,428.313,2005-08-09,428.484,431.977
2333700,UBM.L,295.422,435.859,430.813,2005-08-08,431.201,435.47
2782800,UBM.L,296.619,438.288,431.589,2005-08-05,432.948,431.977
4966000,UBM.L,295.688,434.694,428.678,2005-08-04,431.589,434.306
5581000,UBM.L,297.284,435.664,430.813,2005-08-03,433.918,431.589
6399200,UBM.L,297.816,435.859,424.403,2005-08-02,434.694,425.379
2172800,UBM.L,291.434,427.883,421.822,2005-08-01,425.379,424.991
5578000,UBM.L,290.902,425.379,422.274,2005-07-29,424.603,422.274
4030300,UBM.L,289.839,427.902,408.336,2005-07-28,423.051,427.902
12590900,UBM.L,291.168,426.932,401.977,2005-07-27,424.991,412.959
4702000,UBM.L,280.531,410.437,400.361,2005-07-26,409.466,400.54
2203500,UBM.L,274.416,410.243,400.346,2005-07-25,400.54,410.049
2292300,UBM.L,279.468,409.954,403.645,2005-07-22,407.914,407.526
3691500,UBM.L,278.404,407.526,398.211,2005-07-21,406.361,400.734
8462600,UBM.L,272.953,399.763,385.293,2005-07-20,398.405,387.344
2669100,UBM.L,262.716,391.419,381.134,2005-07-19,383.462,388.508
2605700,UBM.L,266.439,394.524,387.607,2005-07-18,388.896,393.942
3411400,UBM.L,268.30,396.464,390.254,2005-07-15,391.613,392.389
3628700,UBM.L,269.098,401.51,392.777,2005-07-14,392.777,401.51
2633000,UBM.L,272.422,401.704,394.718,2005-07-13,397.629,398.599
2635600,UBM.L,271.358,399.763,393.942,2005-07-12,396.076,397.047
2001200,UBM.L,273.352,400.152,393.942,2005-07-11,398.987,393.942
1661300,UBM.L,268.433,394.136,386.171,2005-07-08,391.807,391.225
4364300,UBM.L,265.907,393.748,372.401,2005-07-07,388.12,393.748
4049700,UBM.L,269.098,395.882,389.284,2005-07-06,392.777,389.672
1597300,UBM.L,265.109,393.748,386.567,2005-07-05,386.955,392.389
1170300,UBM.L,267.503,392.389,386.637,2005-07-04,390.449,389.672
4253800,UBM.L,267.236,390.449,382.298,2005-07-01,390.06,385.791
7564200,UBM.L,263.514,387.732,380.55,2005-06-30,384.627,380.551
2580400,UBM.L,263.248,385.791,378.805,2005-06-29,384.239,378.805
2470200,UBM.L,261.52,383.656,379.193,2005-06-28,381.716,382.104
2632500,UBM.L,259.924,384.049,378.029,2005-06-27,379.387,384.045
2646200,UBM.L,262.716,391.807,382.686,2005-06-24,383.462,391.807
5287600,UBM.L,268.433,397.473,390.837,2005-06-23,391.807,396.464
3865600,UBM.L,270.427,398.017,392.829,2005-06-22,394.718,394.718
2483500,UBM.L,271.89,403.256,388.508,2005-06-21,396.853,397.435
5454600,UBM.L,274.416,408.69,398.987,2005-06-20,400.54,408.69
3007300,UBM.L,279.202,412.571,405.973,2005-06-17,407.526,412.571
2110900,UBM.L,279.468,410.243,404.602,2005-06-16,407.914,406.75
2956900,UBM.L,278.138,411.407,402.092,2005-06-15,405.973,404.809
2618200,UBM.L,275.479,405.197,401.316,2005-06-14,402.092,403.645
3212700,UBM.L,276.543,407.914,401.316,2005-06-13,403.645,404.421
2470900,UBM.L,277.607,410.243,397.435,2005-06-10,405.197,399.763
1561800,UBM.L,271.225,402.48,394.718,2005-06-09,395.882,402.48
5890300,UBM.L,274.682,402.868,394.33,2005-06-08,400.928,394.718
2396400,UBM.L,271.225,396.27,388.508,2005-06-07,395.882,390.449
2431900,UBM.L,265.375,393.165,386.179,2005-06-06,387.344,393.165
1991200,UBM.L,268.566,394.33,388.12,2005-06-03,392.001,391.225
1181000,UBM.L,266.704,392.001,386.179,2005-06-02,389.284,391.225
1591400,UBM.L,266.704,389.672,383.462,2005-06-01,389.284,387.344
6420200,UBM.L,265.907,390.837,373.371,2005-05-31,388.12,384.627
2015300,UBM.L,261.652,383.85,376.864,2005-05-27,381.91,376.864
1889300,UBM.L,259.791,380.357,375.312,2005-05-26,379.193,375.312
2795300,UBM.L,257.664,377.641,374.699,2005-05-25,376.088,377.641
2401500,UBM.L,257.398,378.417,374.147,2005-05-24,375.70,376.864
2898800,UBM.L,257.398,383.074,374.924,2005-05-23,375.70,383.074
1508000,UBM.L,262.982,386.179,382.298,2005-05-20,383.85,386.179
2152800,UBM.L,262.982,385.403,375.777,2005-05-19,383.85,380.357
2442300,UBM.L,261.918,383.074,374.536,2005-05-18,382.298,376.476
1765400,UBM.L,257.93,377.641,369.878,2005-05-17,376.476,373.371
2816900,UBM.L,256.068,377.641,367.938,2005-05-16,373.759,376.476
2256900,UBM.L,257.93,376.864,374.147,2005-05-13,376.476,374.147
7026100,UBM.L,257.398,381.91,371.819,2005-05-12,375.70,371.819
10569600,UBM.L,253.675,371.431,363.28,2005-05-11,370.266,367.549
5663000,UBM.L,253.143,381.522,369.102,2005-05-10,369.49,379.969
2639100,UBM.L,260.323,388.12,378.029,2005-05-09,379.969,388.12
3611200,UBM.L,264.577,387.732,383.462,2005-05-06,386.179,386.955
7721700,UBM.L,265.375,391.225,381.522,2005-05-05,387.344,381.522
2935000,UBM.L,260.057,386.761,377.252,2005-05-04,379.581,384.627
6512600,UBM.L,262.45,391.613,381.134,2005-05-03,383.074,385.791
6690000,UBM.L,263.248,388.199,374.536,2005-04-29,384.239,374.536
9588500,UBM.L,257.93,393.165,374.536,2005-04-28,376.476,392.001
5412800,UBM.L,266.97,402.868,387.344,2005-04-27,389.672,399.763
3473200,UBM.L,276.011,409.855,401.316,2005-04-26,402.868,409.855
2243000,UBM.L,278.671,411.019,404.809,2005-04-25,406.75,410.631
2079100,UBM.L,280.531,413.736,405.197,2005-04-22,409.466,413.348
2570500,UBM.L,280.00,412.571,403.645,2005-04-21,408.69,403.645
2398900,UBM.L,278.138,409.078,403.645,2005-04-20,405.973,407.138
3370400,UBM.L,277.873,435.347,405.197,2005-04-19,405.585,407.138
5042400,UBM.L,277.341,409.855,400.54,2005-04-18,404.809,409.855
6483100,UBM.L,282.393,424.37,411.407,2005-04-15,412.183,421.498
2240300,UBM.L,289.572,423.827,418.393,2005-04-14,422.662,418.393
4064300,UBM.L,289.306,424.085,415.192,2005-04-13,422.274,415.288
1433800,UBM.L,284.52,421.498,414.512,2005-04-12,415.288,421.498
3351500,UBM.L,287.179,422.274,410.996,2005-04-11,419.169,415.676
4283300,UBM.L,287.446,419.946,412.068,2005-04-08,419.558,413.348
4109800,UBM.L,283.989,416.453,409.466,2005-04-07,414.512,411.407
9483200,UBM.L,283.191,417.617,409.855,2005-04-06,413.348,412.571
4734900,UBM.L,282.393,416.064,408.69,2005-04-05,412.183,414.124
2609300,UBM.L,282.925,414.90,412.571,2005-04-04,412.959,414.90
3939700,UBM.L,283.723,415.288,408.731,2005-04-01,414.124,415.288
2381000,UBM.L,282.925,418.781,412.959,2005-03-31,412.959,415.676
3417400,UBM.L,282.659,416.064,407.138,2005-03-30,412.571,411.795
130500,UBM.L,284.52,415.288,414.90,2005-03-29,415.288,414.90
8296100,UBM.L,283.723,416.453,407.526,2005-03-24,414.124,410.243
5367400,UBM.L,281.064,421.023,400.928,2005-03-23,410.243,409.078
7616200,UBM.L,286.382,430.813,414.90,2005-03-22,418.005,426.932
3528700,UBM.L,294.093,432.365,427.708,2005-03-21,429.261,428.872
5970000,UBM.L,293.162,432.365,427.708,2005-03-18,427.902,431.007
4715500,UBM.L,293.428,433.724,422.274,2005-03-17,428.29,431.007
2288000,UBM.L,293.694,434.694,427.126,2005-03-16,428.678,434.694
4540500,UBM.L,298.88,437.799,433.312,2005-03-15,436.247,434.694
19452700,UBM.L,298.081,444.009,433.142,2005-03-14,435.082,433.142
3138500,UBM.L,298.081,439.158,430.425,2005-03-11,435.082,430.813
4070500,UBM.L,294.625,433.724,426.738,2005-03-10,430.037,431.589
3069900,UBM.L,295.821,435.47,427.902,2005-03-09,431.783,428.096
2483800,UBM.L,292.232,426.544,418.05,2005-03-08,426.544,424.409
