,Firmid,Realdate,Dprice,Dmarket,Nace,Nace2,Event,Bigevent,Upevent,Bigeventcount
47299,d_rhkx,16553,-0.52%,-0.013582746,8512,85,0.0,0.0,0.0,19
47300,d_rhkx,16554,4.15%,-0.001417963,8512,85,0.0,0.0,0.0,19
47301,d_rhkx,16559,3.18%,0.009095093,8512,85,0.0,0.0,0.0,19
47302,d_rhkx,16560,-2.31%,0.005167558,8512,85,0.0,0.0,0.0,19
47303,d_rhkx,16561,-0.15%,0.005707819,8512,85,0.0,0.0,0.0,19
47304,d_rhkx,16562,0.65%,0.004337201,8512,85,0.0,0.0,0.0,19
47305,d_rhkx,16565,0.46%,-0.003390596,8512,85,0.0,0.0,0.0,19
47306,d_rhkx,16566,1.33%,-0.007306199,8512,85,0.0,0.0,0.0,19
47307,d_rhkx,16567,-1.26%,-0.002138066,8512,85,0.0,0.0,0.0,19
47308,d_rhkx,16568,0.78%,0.00612259,8512,85,0.0,0.0,0.0,19
47309,d_rhkx,16569,-0.08%,4.99759e-05,8512,85,0.0,0.0,0.0,19
47310,d_rhkx,16572,-0.55%,-0.004197651,8512,85,0.0,0.0,0.0,19
47311,d_rhkx,16573,-2.49%,0.001030659,8512,85,0.0,0.0,0.0,19
47312,d_rhkx,16574,-0.97%,0.011437487,8512,85,0.0,0.0,0.0,19
47313,d_rhkx,16575,1.79%,0.004704767,8512,85,0.0,0.0,0.0,19
47314,d_rhkx,16576,2.46%,0.000876537,8512,85,0.0,0.0,0.0,19
47315,d_rhkx,16579,0.98%,0.004109947,8512,85,0.0,0.0,0.0,19
47316,d_rhkx,16580,0.00%,-0.000789218,8512,85,0.0,0.0,0.0,19
47317,d_rhkx,16581,-1.01%,-0.000570614,8512,85,0.0,0.0,0.0,19
47318,d_rhkx,16582,0.45%,0.007013857,8512,85,0.0,0.0,0.0,19
47319,d_rhkx,16583,0.73%,-0.000882414,8512,85,0.0,0.0,0.0,19
47320,d_rhkx,16587,-2.31%,0.00448707,8512,85,0.0,0.0,0.0,19
47321,d_rhkx,16588,1.05%,0.013386121,8512,85,0.0,0.0,0.0,19
47322,d_rhkx,16589,-1.38%,-0.000151309,8512,85,0.0,0.0,0.0,19
47323,d_rhkx,16596,1.12%,0.004257242,8512,85,0.0,0.0,0.0,19
47324,d_rhkx,16597,-0.78%,0.006048266,8512,85,0.0,0.0,0.0,19
47325,d_rhkx,16600,2.66%,0.00398708,8512,85,0.0,0.0,0.0,19
47326,d_rhkx,16601,0.46%,0.00138692,8512,85,0.0,0.0,0.0,19
47327,d_rhkx,16602,-3.13%,-0.004020325,8512,85,0.0,0.0,0.0,19
47328,d_rhkx,16603,1.56%,0.00552928,8512,85,0.0,0.0,0.0,19
47329,d_rhkx,16604,-1.41%,0.001313935,8512,85,0.0,0.0,0.0,19
47330,d_rhkx,16607,1.32%,-0.000337068,8512,85,0.0,0.0,0.0,19
47331,d_rhkx,16608,3.51%,0.004808192,8512,85,0.0,0.0,0.0,19
47332,d_rhkx,16609,0.03%,0.00116199,8512,85,0.0,0.0,0.0,19
47333,d_rhkx,16610,-0.19%,0.004202994,8512,85,0.0,0.0,0.0,19
47334,d_rhkx,16611,-1.56%,-0.008151721,8512,85,0.0,0.0,0.0,19
47335,d_rhkx,16614,-0.18%,-0.009713451,8512,85,0.0,0.0,0.0,19
47336,d_rhkx,16615,-0.36%,0.008522274,8512,85,0.0,0.0,0.0,19
47337,d_rhkx,16616,1.25%,0.002964198,8512,85,0.0,0.0,0.0,19
47338,d_rhkx,16617,1.06%,-0.003136038,8512,85,0.0,0.0,0.0,19
47339,d_rhkx,16618,1.66%,0.007810287,8512,85,0.0,0.0,0.0,19
47340,d_rhkx,16622,0.88%,0.000251759,8512,85,0.0,0.0,0.0,19
47341,d_rhkx,16623,0.45%,0.005896191,8512,85,0.0,0.0,0.0,19
47342,d_rhkx,16624,-0.51%,-0.018221237,8512,85,0.0,0.0,0.0,19
47343,d_rhkx,16625,-0.34%,0.013775767,8512,85,0.0,0.0,0.0,19
47344,d_rhkx,16628,3.78%,0.005260896,8512,85,0.0,0.0,0.0,19
47345,d_rhkx,16629,-0.85%,-0.003822247,8512,85,0.0,0.0,0.0,19
47346,d_rhkx,16630,-0.13%,0.005712415,8512,85,0.0,0.0,0.0,19
47347,d_rhkx,16631,-0.32%,0.004567566,8512,85,0.0,0.0,0.0,19
47348,d_rhkx,16632,0.66%,-0.001803078,8512,85,0.0,0.0,0.0,19
47349,d_rhkx,16635,-0.43%,-0.00235759,8512,85,0.0,0.0,0.0,19
47350,d_rhkx,16637,-0.97%,0.001742948,8512,85,0.0,0.0,0.0,19
47351,d_rhkx,16638,-0.75%,0.00144099,8512,85,0.0,0.0,0.0,19
47352,d_rhkx,16639,0.62%,0.000699887,8512,85,0.0,0.0,0.0,19
47353,d_rhkx,16642,0.34%,0.004161065,8512,85,0.0,0.0,0.0,19
47354,d_rhkx,16643,1.06%,0.000593994,8512,85,0.0,0.0,0.0,19
47355,d_rhkx,16644,1.75%,0.002805696,8512,85,0.0,0.0,0.0,19
47356,d_rhkx,16645,0.23%,0.004968441,8512,85,0.0,0.0,0.0,19
47357,d_rhkx,16646,-1.06%,-0.000589054,8512,85,0.0,0.0,0.0,19
47358,d_rhkx,16649,1.03%,0.000929765,8512,85,0.0,0.0,0.0,19
47359,d_rhkx,16650,0.65%,0.00751486,8512,85,0.0,0.0,0.0,19
47360,d_rhkx,16651,0.64%,-0.001221051,8512,85,0.0,0.0,0.0,19
47361,d_rhkx,16652,-0.18%,-0.007534257,8512,85,0.0,0.0,0.0,19
47362,d_rhkx,16653,0.26%,-0.003800867,8512,85,0.0,0.0,0.0,19
47363,d_rhkx,16656,-0.43%,0.006249821,8512,85,0.0,0.0,0.0,19
47364,d_rhkx,16657,-0.30%,0.00610608,8512,85,0.0,0.0,0.0,19
47365,d_rhkx,16658,0.43%,0.008320427,8512,85,0.0,0.0,0.0,19
47366,d_rhkx,16659,-0.92%,-0.003109527,8512,85,0.0,0.0,0.0,19
47367,d_rhkx,16660,0.40%,-0.002267577,8512,85,0.0,0.0,0.0,19
47368,d_rhkx,16663,-0.07%,-0.00040249,8512,85,0.0,0.0,0.0,19
47369,d_rhkx,16664,0.00%,-0.00238477,8512,85,0.0,0.0,0.0,19
47370,d_rhkx,16665,-0.66%,-0.002567908,8512,85,0.0,0.0,0.0,19
47371,d_rhkx,16666,-0.60%,-0.003153555,8512,85,0.0,0.0,0.0,19
47372,d_rhkx,16667,0.77%,0.009546662,8512,85,0.0,0.0,0.0,19
47373,d_rhkx,16670,-0.33%,0.000672486,8512,85,0.0,0.0,0.0,19
47374,d_rhkx,16672,-1.72%,-0.010565436,8512,85,0.0,0.0,0.0,19
47375,d_rhkx,16673,0.40%,-0.006806104,8512,85,0.0,0.0,0.0,19
47376,d_rhkx,16679,1.51%,0.004000885,8512,85,0.0,0.0,0.0,19
47377,d_rhkx,16680,1.39%,0.007095878,8512,85,0.0,0.0,0.0,19
47378,d_rhkx,16681,-1.50%,-0.000449724,8512,85,0.0,0.0,0.0,19
47379,d_rhkx,16685,0.06%,0.014010715,8512,85,0.0,0.0,0.0,19
47380,d_rhkx,16686,0.52%,0.003797298,8512,85,0.0,0.0,0.0,19
47381,d_rhkx,16687,-0.90%,-0.000962805,8512,85,0.0,0.0,0.0,19
47382,d_rhkx,16688,-1.36%,0.003097197,8512,85,0.0,0.0,0.0,19
47383,d_rhkx,16691,0.72%,0.002287577,8512,85,0.0,0.0,0.0,19
47384,d_rhkx,16692,-0.59%,-0.006935666,8512,85,0.0,0.0,0.0,19
47385,d_rhkx,16693,0.00%,0.003318491,8512,85,0.0,0.0,0.0,19
47386,d_rhkx,16694,1.78%,0.000246603,8512,85,0.0,0.0,0.0,19
47387,d_rhkx,16695,1.29%,0.006011041,8512,85,0.0,0.0,0.0,19
47388,d_rhkx,16698,-1.40%,0.002443217,8512,85,0.0,0.0,0.0,19
47389,d_rhkx,16699,-0.06%,0.001109965,8512,85,0.0,0.0,0.0,19
47390,d_rhkx,16700,0.68%,-0.010290694,8512,85,0.0,0.0,0.0,19
47391,d_rhkx,16701,-0.90%,-0.003597179,8512,85,0.0,0.0,0.0,19
47392,d_rhkx,16702,0.23%,0.004717265,8512,85,0.0,0.0,0.0,19
47393,d_rhkx,16706,-0.81%,0.00889761,8512,85,0.0,0.0,0.0,19
47394,d_rhkx,16707,-1.79%,0.008527436,8512,85,0.0,0.0,0.0,19
47395,d_rhkx,16708,4.27%,-0.003386793,8512,85,0.0,0.0,0.0,19
47396,d_rhkx,16709,1.62%,0.003648049,8512,85,0.0,0.0,0.0,19
47397,d_rhkx,16712,-1.72%,0.007895011,8512,85,0.0,0.0,0.0,19
47398,d_rhkx,16713,1.75%,0.002862391,8512,85,0.0,0.0,0.0,19
47399,d_rhkx,16714,0.62%,-0.010289105,8512,85,0.0,0.0,0.0,19
47400,d_rhkx,16716,0.54%,-0.01831506,8512,85,0.0,0.0,0.0,19
47401,d_rhkx,16719,0.79%,0.002749305,8512,85,0.0,0.0,0.0,19
47402,d_rhkx,16720,1.42%,0.002301409,8512,85,0.0,0.0,0.0,19
47403,d_rhkx,16726,1.64%,-0.016069232,8512,85,0.0,0.0,0.0,19
47404,d_rhkx,16727,-1.58%,-0.001970045,8512,85,0.0,0.0,0.0,19
47405,d_rhkx,16728,-3.52%,-0.01732827,8512,85,0.0,0.0,0.0,19
47406,d_rhkx,16729,0.26%,0.004571787,8512,85,0.0,0.0,0.0,19
47407,d_rhkx,16730,-1.98%,-0.004491244,8512,85,0.0,0.0,0.0,19
47408,d_rhkx,16733,0.60%,0.011762259,8512,85,0.0,0.0,0.0,19
47409,d_rhkx,16734,-1.72%,-0.002951659,8512,85,0.0,0.0,0.0,19
47410,d_rhkx,16735,2.72%,0.00400675,8512,85,0.0,0.0,0.0,19
47411,d_rhkx,16736,-4.28%,-0.013241125,8512,85,0.0,0.0,0.0,19
47412,d_rhkx,16737,-0.10%,0.001441202,8512,85,0.0,0.0,0.0,19
47413,d_rhkx,16740,3.42%,0.023867881,8512,85,0.0,0.0,0.0,19
47414,d_rhkx,16741,-0.07%,0.000551193,8512,85,0.0,0.0,0.0,19
47415,d_rhkx,16742,1.75%,0.003811361,8512,85,0.0,0.0,0.0,19
47416,d_rhkx,16743,1.53%,0.014837744,8512,85,0.0,0.0,0.0,19
47417,d_rhkx,16744,-3.07%,-0.001233579,8512,85,0.0,0.0,0.0,19
47418,d_rhkx,16747,2.31%,0.003898216,8512,85,0.0,0.0,0.0,19
47419,d_rhkx,16748,0.03%,0.00047875,8512,85,0.0,0.0,0.0,19
47420,d_rhkx,16749,0.68%,-0.000960229,8512,85,0.0,0.0,0.0,19
47421,d_rhkx,16750,-0.35%,0.000664336,8512,85,0.0,0.0,0.0,19
47422,d_rhkx,16751,1.64%,0.010548682,8512,85,0.0,0.0,0.0,19
47423,d_rhkx,16754,0.28%,0.000210066,8512,85,0.0,0.0,0.0,19
47424,d_rhkx,16755,0.13%,-0.002977548,8512,85,0.0,0.0,0.0,19
47425,d_rhkx,16756,-0.44%,-0.00762817,8512,85,0.0,0.0,0.0,19
47426,d_rhkx,16757,0.41%,0.00434718,8512,85,0.0,0.0,0.0,19
47427,d_rhkx,16758,-0.06%,0.006187298,8512,85,0.0,0.0,0.0,19
47428,d_rhkx,16761,-0.66%,0.002831195,8512,85,0.0,0.0,0.0,19
47429,d_rhkx,16762,0.95%,0.000798148,8512,85,0.0,0.0,0.0,19
47430,d_rhkx,16763,0.28%,0.004070302,8512,85,0.0,0.0,0.0,19
47431,d_rhkx,16768,-1.24%,-0.006314037,8512,85,0.0,0.0,0.0,19
47432,d_rhkx,16770,-0.31%,-0.002677462,8512,85,0.0,0.0,0.0,19
47433,d_rhkx,16771,-0.16%,0.016151616,8512,85,0.0,0.0,0.0,19
47434,d_rhkx,16772,0.75%,0.007778115,8512,85,0.0,0.0,0.0,19
47435,d_rhkx,16775,-1.53%,-0.003867152,8512,85,0.0,0.0,0.0,19
47436,d_rhkx,16776,-1.11%,0.005263628,8512,85,0.0,0.0,0.0,19
47437,d_rhkx,16777,0.80%,-0.001029008,8512,85,0.0,0.0,0.0,19
47438,d_rhkx,16778,-0.95%,0.000453111,8512,85,0.0,0.0,0.0,19
47439,d_rhkx,16779,-1.12%,-0.000208605,8512,85,0.0,0.0,0.0,19
47440,d_rhkx,16782,0.00%,-0.000188957,8512,85,0.0,0.0,0.0,19
47441,d_rhkx,16784,-0.58%,-0.001613403,8512,85,0.0,0.0,0.0,19
47442,d_rhkx,16785,-0.29%,-0.002073115,8512,85,0.0,0.0,0.0,19
47443,d_rhkx,16786,1.29%,0.007030468,8512,85,0.0,0.0,0.0,19
47444,d_rhkx,16789,2.55%,-0.001195537,8512,85,0.0,0.0,0.0,19
47445,d_rhkx,16790,3.17%,0.003688377,8512,85,0.0,0.0,0.0,19
47446,d_rhkx,16791,-0.06%,0.005152506,8512,85,0.0,0.0,0.0,19
47447,d_rhkx,16792,-1.36%,-0.002005337,8512,85,0.0,0.0,0.0,19
47448,d_rhkx,16800,-2.55%,0.001544142,8512,85,0.0,0.0,0.0,19
47449,d_rhkx,16804,0.15%,0.009705427,8512,85,0.0,0.0,0.0,19
47450,d_rhkx,16805,-0.21%,0.009902844,8512,85,0.0,0.0,0.0,19
47451,d_rhkx,16807,0.00%,0.003033494,8512,85,0.0,0.0,0.0,19
47452,d_rhkx,16810,0.03%,0.001926807,8512,85,0.0,0.0,0.0,19
47453,d_rhkx,16811,0.61%,-0.006339098,8512,85,0.0,0.0,0.0,19
47454,d_rhkx,16812,5.30%,0.00585686,8512,85,0.0,0.0,0.0,19
47455,d_rhkx,16813,2.10%,0.003555372,8512,85,0.0,0.0,0.0,19
47456,d_rhkx,16814,-0.08%,-0.005679742,8512,85,0.0,0.0,0.333333343,19
47457,d_rhkx,16820,0.40%,-0.007927621,8512,85,0.0,0.0,0.333333343,19
47458,d_rhkx,16821,0.29%,-0.006031404,8512,85,0.0,0.0,0.333333343,19
47459,d_rhkx,16824,0.06%,-0.002429135,8512,85,0.0,0.0,0.0,19
47460,d_rhkx,16825,-1.00%,-0.00223297,8512,85,0.0,0.0,0.0,19
47461,d_rhkx,16826,3.82%,0.011196016,8512,85,0.0,0.0,0.0,19
47462,d_rhkx,16831,-1.88%,0.020923153,8512,85,0.0,0.0,0.0,19
47463,d_rhkx,16832,-2.56%,-7.16685e-05,8512,85,0.0,0.0,0.0,19
47464,d_rhkx,16833,2.62%,0.010718253,8512,85,0.0,0.0,0.0,19
47465,d_rhkx,16834,0.00%,-0.008992765,8512,85,0.0,0.0,0.0,19
47466,d_rhkx,16835,1.03%,0.000631297,8512,85,0.0,0.0,0.0,19
47467,d_rhkx,16838,-0.27%,0.001118773,8512,85,0.0,0.0,0.0,19
47468,d_rhkx,16839,-0.06%,-0.003188104,8512,85,0.0,0.0,0.0,19
47469,d_rhkx,16840,1.19%,-0.001675563,8512,85,0.0,0.0,0.0,19
47470,d_rhkx,16841,-0.49%,0.011648284,8512,85,0.0,0.0,0.0,19
47471,d_rhkx,16842,0.00%,-0.003731121,8512,85,0.0,0.0,0.0,19
47472,d_rhkx,16845,-1.37%,0.004986249,8512,85,0.0,0.0,0.0,19
47473,d_rhkx,16846,0.00%,-0.001780125,8512,85,0.0,0.0,0.0,19
47474,d_rhkx,16847,0.08%,0.001193982,8512,85,0.0,0.0,0.0,19
47475,d_rhkx,16848,2.00%,0.005660912,8512,85,0.0,0.0,0.0,19
47476,d_rhkx,16849,-1.09%,0.002963163,8512,85,0.0,0.0,0.0,19
47477,d_rhkx,16854,-0.28%,0.011408137,8512,85,0.0,0.0,0.0,19
47478,d_rhkx,16855,-0.28%,-0.001788308,8512,85,0.0,0.0,0.0,19
47479,d_rhkx,16856,1.08%,0.003122933,8512,85,0.0,0.0,0.0,19
47480,d_rhkx,16859,-0.44%,0.003001722,8512,85,0.0,0.0,0.0,19
47481,d_rhkx,16860,0.47%,-0.013826441,8512,85,0.0,0.0,0.0,19
47482,d_rhkx,16861,-0.05%,0.008701265,8512,85,0.0,0.0,0.0,19
47483,d_rhkx,16862,-0.22%,-0.009022236,8512,85,0.0,0.0,0.0,19
47484,d_rhkx,16863,0.27%,-0.000500383,8512,85,0.0,0.0,0.0,19
47485,d_rhkx,16866,0.99%,0.005552707,8512,85,0.0,0.0,0.0,19
47486,d_rhkx,16867,-2.03%,-0.005619228,8512,85,0.0,0.0,0.0,19
47487,d_rhkx,16868,-3.35%,-0.008059735,8512,85,0.0,0.0,0.0,19
47488,d_rhkx,16869,1.03%,0.007952871,8512,85,0.0,0.0,0.0,19
47489,d_rhkx,16873,1.36%,0.015593877,8512,85,0.0,0.0,0.0,19
47490,d_rhkx,16874,-1.75%,0.00196626,8512,85,0.0,0.0,0.0,19
47491,d_rhkx,16875,0.86%,0.00223254,8512,85,0.0,0.0,0.0,19
47492,d_rhkx,16877,-1.51%,0.001218492,8512,85,0.0,0.0,0.0,19
47493,d_rhkx,16880,1.13%,0.002138162,8512,85,0.0,0.0,0.0,19
47494,d_rhkx,16881,-0.87%,0.001065252,8512,85,0.0,0.0,0.0,19
47495,d_rhkx,16887,1.74%,-0.000748194,8512,85,0.0,0.0,0.0,19
47496,d_rhkx,16888,-0.14%,-0.005995859,8512,85,0.0,0.0,0.0,19
47497,d_rhkx,16889,-0.14%,0.002268787,8512,85,0.0,0.0,0.0,19
47498,d_rhkx,16890,-0.65%,0.007964583,8512,85,0.0,0.0,0.0,19
47499,d_rhkx,16891,0.23%,-0.006541119,8512,85,0.0,0.0,0.0,19
47500,d_rhkx,16894,-0.88%,0.00827652,8512,85,0.0,0.0,0.0,19
47501,d_rhkx,16895,0.31%,-0.004919846,8512,85,0.0,0.0,0.0,19
47502,d_rhkx,16896,-0.37%,0.003573296,8512,85,0.0,0.0,0.0,19
47503,d_rhkx,16897,-0.06%,0.002369758,8512,85,0.0,0.0,0.0,19
47504,d_rhkx,16898,0.00%,-0.004503097,8512,85,0.0,0.0,0.0,19
47505,d_rhkx,16901,0.00%,0.004853779,8512,85,0.0,0.0,0.0,19
47506,d_rhkx,16902,0.26%,-0.01157693,8512,85,0.0,0.0,0.0,19
47507,d_rhkx,16903,1.17%,-0.002001526,8512,85,0.0,0.0,0.0,19
47508,d_rhkx,16909,1.13%,0.002903264,8512,85,0.0,0.0,0.0,19
47509,d_rhkx,16910,0.14%,0.011480498,8512,85,0.0,0.0,0.0,19
47510,d_rhkx,16911,0.56%,0.002480215,8512,85,0.0,0.0,0.0,19
47511,d_rhkx,16912,1.53%,0.007026439,8512,85,0.0,0.0,0.0,19
47512,d_rhkx,16915,-1.10%,-0.005277056,8512,85,0.0,0.0,0.0,19
47513,d_rhkx,16916,2.08%,-0.000686719,8512,85,0.0,0.0,0.0,19
47514,d_rhkx,16917,-0.08%,0.001890473,8512,85,0.333333343,0.052631579,0.0,19
47515,d_rhkx,16918,-2.23%,-0.005492994,8512,85,0.333333343,0.052631579,0.0,19
47516,d_rhkx,16919,2.50%,-0.004037376,8512,85,0.333333343,0.052631579,0.0,19
47517,d_rhkx,16923,4.34%,0.010164151,8512,85,0.0,0.052631579,0.0,19
47518,d_rhkx,16924,-2.34%,-0.007931815,8512,85,0.0,0.052631579,0.0,19
47519,d_rhkx,16925,-1.01%,0.004641184,8512,85,0.0,0.052631579,0.0,19
47520,d_rhkx,16926,0.21%,0.00989179,8512,85,0.0,0.052631579,0.0,19
47521,d_rhkx,16929,1.05%,0.000751265,8512,85,0.0,0.052631579,0.0,19
47522,d_rhkx,16930,1.88%,0.004287696,8512,85,0.0,0.052631579,0.0,19
47523,d_rhkx,16931,0.26%,-0.005525808,8512,85,0.0,0.052631579,0.0,19
47524,d_rhkx,16932,-2.23%,-0.003407056,8512,85,0.0,0.052631579,0.0,19
47525,d_rhkx,16933,-0.37%,-0.020820193,8512,85,0.0,0.052631579,0.0,19
47526,d_rhkx,16936,-2.75%,-0.014615751,8512,85,0.0,0.052631579,0.0,19
47527,d_rhkx,16937,-0.60%,0.001490224,8512,85,0.0,0.052631579,0.0,19
47528,d_rhkx,16939,-2.29%,-0.032393619,8512,85,0.0,0.052631579,0.0,19
47529,d_rhkx,16943,-2.07%,-0.028261989,8512,85,0.0,0.052631579,0.0,19
47530,d_rhkx,16944,0.35%,0.025466651,8512,85,0.0,0.052631579,0.0,19
47531,d_rhkx,16945,-0.35%,-0.013999758,8512,85,0.0,0.052631579,0.0,19
47532,d_rhkx,16946,2.74%,0.012307495,8512,85,0.0,0.052631579,0.0,19
47533,d_rhkx,16947,4.49%,0.019743491,8512,85,0.0,0.0,0.0,19
47534,d_rhkx,16951,-0.76%,-0.022641221,8512,85,0.0,0.0,0.0,19
47535,d_rhkx,16952,-2.25%,0.009523373,8512,85,0.0,0.0,0.0,19
47536,d_rhkx,16953,1.08%,0.003891957,8512,85,0.0,0.0,0.0,19
47537,d_rhkx,16954,0.72%,0.00267105,8512,85,0.0,0.0,0.0,19
47538,d_rhkx,16957,-3.37%,-0.006293719,8512,85,0.0,0.0,0.0,19
47539,d_rhkx,16958,-0.89%,-0.019959984,8512,85,0.0,0.0,0.0,19
47540,d_rhkx,16959,0.72%,0.005397194,8512,85,0.0,0.0,0.0,19
47541,d_rhkx,16960,-6.07%,-0.026786819,8512,85,0.0,0.0,0.0,19
47542,d_rhkx,16961,1.86%,0.016887888,8512,85,0.0,0.0,0.0,19
47543,d_rhkx,16964,1.55%,-0.007890555,8512,85,0.0,0.0,0.0,19
47544,d_rhkx,16965,-1.01%,-0.022343114,8512,85,0.0,0.0,0.0,19
47545,d_rhkx,16966,-1.57%,0.001979113,8512,85,0.0,0.0,0.0,19
47546,d_rhkx,16971,-2.99%,0.024892844,8512,85,0.0,0.0,0.0,19
47547,d_rhkx,16972,-1.83%,0.005248926,8512,85,0.0,0.0,0.0,19
47548,d_rhkx,16973,5.61%,0.000202271,8512,85,0.0,0.0,0.0,19
47549,d_rhkx,16974,1.09%,0.004013253,8512,85,0.0,0.0,0.0,19
47550,d_rhkx,16975,0.75%,0.001445476,8512,85,0.0,0.0,0.0,19
47551,d_rhkx,16978,-0.06%,-0.002778126,8512,85,0.0,0.0,0.0,19
47552,d_rhkx,16979,-0.87%,-0.006740252,8512,85,0.0,0.0,0.0,19
47553,d_rhkx,16980,-0.09%,0.001634419,8512,85,0.0,0.0,0.0,19
47554,d_rhkx,16981,2.44%,0.017766185,8512,85,0.0,0.0,0.0,19
47555,d_rhkx,16982,2.44%,0.014028135,8512,85,0.0,0.0,0.0,19
47556,d_rhkx,16987,-4.71%,-0.005248531,8512,85,0.0,0.0,0.0,19
47557,d_rhkx,16988,6.13%,0.009304764,8512,85,0.0,0.0,0.0,19
47558,d_rhkx,16989,-2.29%,-0.001845029,8512,85,0.0,0.0,0.0,19
47559,d_rhkx,16992,0.00%,0.003307894,8512,85,0.0,0.0,0.0,19
47560,d_rhkx,16993,-4.06%,-0.009180774,8512,85,0.0,0.0,0.0,19
47561,d_rhkx,16994,-3.81%,0.002667035,8512,85,0.0,0.0,0.0,19
47562,d_rhkx,16995,1.36%,-0.014573653,8512,85,0.0,0.0,0.0,19
47563,d_rhkx,16996,-4.55%,-0.012527023,8512,85,0.0,0.0,0.0,19
47564,d_rhkx,16999,-4.16%,-0.004100381,8512,85,0.0,0.0,0.0,19
47565,d_rhkx,17000,0.37%,-0.001884613,8512,85,0.0,0.0,0.0,19
47566,d_rhkx,17001,-0.23%,0.022529319,8512,85,0.0,0.0,0.0,19
47567,d_rhkx,17002,0.20%,0.002200105,8512,85,0.0,0.0,0.0,19
47568,d_rhkx,17003,2.03%,-0.009259967,8512,85,0.0,0.0,0.0,19
47569,d_rhkx,17006,-0.96%,0.018619878,8512,85,0.0,0.0,0.0,19
47570,d_rhkx,17007,1.47%,0.001148554,8512,85,0.0,0.0,0.0,19
47571,d_rhkx,17008,-0.63%,0.004142949,8512,85,0.0,0.0,0.0,19
47572,d_rhkx,17009,0.80%,0.010114639,8512,85,0.0,0.0,0.0,19
47573,d_rhkx,17010,-0.92%,0.006002443,8512,85,0.0,0.0,0.0,19
47574,d_rhkx,17013,-0.43%,-0.00390447,8512,85,0.0,0.0,0.0,19
47575,d_rhkx,17014,-0.33%,-0.007753531,8512,85,0.0,0.0,0.0,19
47576,d_rhkx,17015,1.47%,0.010150987,8512,85,0.0,0.0,0.0,19
47577,d_rhkx,17017,0.54%,0.003283358,8512,85,0.0,0.0,0.0,19
47578,d_rhkx,17020,-2.83%,-0.011117202,8512,85,0.0,0.0,0.0,19
47579,d_rhkx,17021,2.77%,0.000663104,8512,85,0.0,0.0,0.0,19
47580,d_rhkx,17022,-2.17%,0.00667923,8512,85,0.0,0.0,0.0,19
47581,d_rhkx,17023,-2.90%,-0.007880999,8512,85,0.0,0.0,0.0,19
47582,d_rhkx,17024,1.26%,0.001271428,8512,85,0.0,0.0,0.0,19
47583,d_rhkx,17027,-1.66%,0.008969119,8512,85,0.0,0.0,0.0,19
47584,d_rhkx,17028,-0.21%,0.008431192,8512,85,0.0,0.0,0.0,19
47585,d_rhkx,17029,1.66%,0.003992503,8512,85,0.0,0.0,0.0,19
47586,d_rhkx,17030,2.43%,0.001224994,8512,85,0.0,0.0,0.0,19
47587,d_rhkx,17031,5.12%,-0.002597628,8512,85,0.0,0.0,0.0,19
47588,d_rhkx,17034,0.00%,-0.000861093,8512,85,0.0,0.0,0.0,19
47589,d_rhkx,17035,-2.19%,0.003123702,8512,85,0.0,0.0,0.0,19
47590,d_rhkx,17036,-0.03%,-0.004717742,8512,85,0.0,0.0,0.0,19
47591,d_rhkx,17037,0.79%,0.002726009,8512,85,0.0,0.0,0.0,19
47592,d_rhkx,17038,-0.36%,0.001063214,8512,85,0.0,0.0,0.0,19
47593,d_rhkx,17041,0.85%,0.004154874,8512,85,0.0,0.0,0.0,19
47594,d_rhkx,17042,-0.65%,0.002436979,8512,85,0.0,0.0,0.0,19
47595,d_rhkx,17043,2.79%,0.005716431,8512,85,0.0,0.0,0.0,19
47596,d_rhkx,17044,1.79%,-0.002333736,8512,85,0.0,0.0,0.0,19
47597,d_rhkx,17045,6.17%,0.005096687,8512,85,0.0,0.0,0.0,19
47598,d_rhkx,17049,-2.42%,0.000653925,8512,85,0.0,0.0,0.0,19
47599,d_rhkx,17050,-0.29%,-0.010904497,8512,85,0.0,0.0,0.0,19
47600,d_rhkx,17051,1.04%,-0.009348811,8512,85,0.0,0.0,0.0,19
47601,d_rhkx,17052,0.14%,0.004098578,8512,85,0.0,0.0,0.0,19
47602,d_rhkx,17055,-0.06%,-0.005455609,8512,85,0.0,0.0,0.0,19
47603,d_rhkx,17056,0.09%,0.012844114,8512,85,0.0,0.0,0.0,19
47604,d_rhkx,17057,0.57%,0.003015134,8512,85,0.0,0.0,0.0,19
47605,d_rhkx,17058,-0.31%,2.38924e-05,8512,85,0.0,0.0,0.0,19
47606,d_rhkx,17059,1.11%,0.003053874,8512,85,0.0,0.0,0.0,19
47607,d_rhkx,17062,-0.71%,0.000366469,8512,85,0.0,0.0,0.0,19
47608,d_rhkx,17063,-0.54%,-0.005473485,8512,85,0.0,0.0,0.0,19
47609,d_rhkx,17064,0.97%,0.010668839,8512,85,0.0,0.0,0.0,19
47610,d_rhkx,17065,1.13%,0.004346246,8512,85,0.0,0.0,0.0,19
47611,d_rhkx,17066,-1.34%,-0.011466227,8512,85,0.0,0.0,0.0,19
47612,d_rhkx,17069,1.08%,-0.000543129,8512,85,0.0,0.0,0.0,19
47613,d_rhkx,17070,0.70%,0.013710523,8512,85,0.0,0.0,0.0,19
47614,d_rhkx,17071,-1.03%,0.005490087,8512,85,0.0,0.0,0.0,19
47615,d_rhkx,17072,-0.17%,0.000738217,8512,85,0.0,0.0,0.0,19
47616,d_rhkx,17073,-0.11%,-0.000591264,8512,85,0.0,0.0,0.0,19
47617,d_rhkx,17076,-0.85%,-0.000120128,8512,85,0.0,0.0,0.0,19
47618,d_rhkx,17077,-0.17%,-0.002557144,8512,85,0.0,0.0,0.0,19
47619,d_rhkx,17078,-0.29%,0.007330015,8512,85,0.0,0.0,0.0,19
47620,d_rhkx,17079,-0.97%,0.005751928,8512,85,0.0,0.0,0.0,19
47621,d_rhkx,17080,-0.64%,0.0016435,8512,85,0.0,0.0,0.0,19
47622,d_rhkx,17083,0.06%,0.001128665,8512,85,0.0,0.0,0.0,19
47623,d_rhkx,17085,0.00%,0.007587933,8512,85,0.0,0.0,0.0,19
47624,d_rhkx,17086,-0.69%,0.008176304,8512,85,0.0,0.0,0.0,19
47625,d_rhkx,17087,-1.28%,0.002740268,8512,85,0.0,0.0,0.0,19
47626,d_rhkx,17090,-2.03%,0.001995002,8512,85,0.0,0.0,0.0,19
47627,d_rhkx,17091,-1.44%,-0.01081886,8512,85,0.0,0.0,0.0,19
47628,d_rhkx,17092,1.64%,0.009511376,8512,85,0.0,0.0,0.0,19
47629,d_rhkx,17093,-0.72%,-3.40155e-05,8512,85,0.0,0.0,0.0,19
47630,d_rhkx,17094,-1.21%,0.003054657,8512,85,0.0,0.0,0.0,19
47631,d_rhkx,17097,0.76%,0.003356354,8512,85,0.0,0.0,0.0,19
47632,d_rhkx,17098,0.91%,0.000183189,8512,85,0.0,0.0,0.0,19
47633,d_rhkx,17099,3.60%,0.003107874,8512,85,0.0,0.0,0.0,19
47634,d_rhkx,17100,-1.10%,-0.00154205,8512,85,0.0,0.0,0.0,19
47635,d_rhkx,17101,-0.41%,-0.002568501,8512,85,0.0,0.0,0.0,19
47636,d_rhkx,17104,-1.24%,-0.003192878,8512,85,0.0,0.0,0.0,19
47637,d_rhkx,17105,-3.31%,-0.000209401,8512,85,0.0,0.0,0.0,19
47638,d_rhkx,17106,1.69%,0.003568858,8512,85,0.0,0.0,0.0,19
47639,d_rhkx,17107,-0.61%,-0.003976322,8512,85,0.0,0.0,0.0,19
47640,d_rhkx,17108,-0.91%,0.003230531,8512,85,0.0,0.0,0.0,19
47641,d_rhkx,17111,6.92%,0.011111113,8512,85,0.0,0.0,0.0,19
47642,d_rhkx,17112,0.00%,0.004379404,8512,85,0.0,0.0,0.0,19
47643,d_rhkx,17113,0.35%,-0.000761504,8512,85,0.0,0.0,0.0,19
47644,d_rhkx,17114,3.21%,-0.001782695,8512,85,0.0,0.0,0.0,19
47645,d_rhkx,17115,-1.58%,-0.001253788,8512,85,0.0,0.0,0.0,19
47646,d_rhkx,17118,3.59%,0.00208668,8512,85,0.0,0.0,0.0,19
47647,d_rhkx,17119,0.87%,-0.002744815,8512,85,0.0,0.0,0.0,19
47648,d_rhkx,17120,2.54%,0.005608073,8512,85,0.0,0.0,0.0,19
47649,d_rhkx,17121,-1.71%,0.002223485,8512,85,0.0,0.0,0.0,19
47650,d_rhkx,17122,-0.75%,-0.007730403,8512,85,0.0,0.0,0.0,19
47651,d_rhkx,17125,-0.35%,0.003427736,8512,85,0.0,0.0,0.0,19
47652,d_rhkx,17126,-0.43%,0.001399299,8512,85,0.0,0.0,0.0,19
47653,d_rhkx,17127,0.74%,-0.001194562,8512,85,0.0,0.0,0.0,19
47654,d_rhkx,17132,-1.99%,-0.024894701,8512,85,0.0,0.0,0.0,19
47655,d_rhkx,17133,-0.47%,-0.003017611,8512,85,0.0,0.0,0.0,19
47656,d_rhkx,17134,-0.92%,0.013408806,8512,85,0.0,0.0,0.0,19
47657,d_rhkx,17135,-4.46%,-0.00691072,8512,85,0.0,0.0,0.0,19
47658,d_rhkx,17136,1.72%,-0.007029859,8512,85,0.0,0.0,0.0,19
47659,d_rhkx,17139,1.92%,0.006515686,8512,85,0.0,0.0,0.0,19
47660,d_rhkx,17140,-1.28%,0.006610043,8512,85,0.0,0.0,0.0,19
47661,d_rhkx,17141,0.58%,0.000347505,8512,85,0.0,0.0,0.0,19
47662,d_rhkx,17142,2.13%,0.00564633,8512,85,0.0,0.0,0.0,19
47663,d_rhkx,17143,-1.83%,0.000862299,8512,85,0.0,0.0,0.0,19
47664,d_rhkx,17146,-0.32%,0.005865175,8512,85,0.0,0.0,0.0,19
47665,d_rhkx,17147,-0.29%,0.003554438,8512,85,0.0,0.0,0.0,19
47666,d_rhkx,17148,-0.29%,0.00636077,8512,85,0.0,0.0,0.0,19
47667,d_rhkx,17149,0.64%,0.006047082,8512,85,0.0,0.0,0.0,19
47668,d_rhkx,17150,1.52%,0.005439569,8512,85,0.0,0.0,0.0,19
47669,d_rhkx,17153,0.54%,-0.000606248,8512,85,0.0,0.0,0.0,19
47670,d_rhkx,17154,0.51%,-0.006703292,8512,85,0.0,0.0,0.0,19
47671,d_rhkx,17155,0.45%,0.002938188,8512,85,0.0,0.0,0.0,19
47672,d_rhkx,17156,0.36%,-0.001099974,8512,85,0.0,0.0,0.0,19
47673,d_rhkx,17157,0.00%,-0.004684814,8512,85,0.0,0.0,0.0,19
47674,d_rhkx,17162,0.58%,0.010271796,8512,85,0.0,0.0,0.0,19
47675,d_rhkx,17163,0.28%,0.000404211,8512,85,0.0,0.0,0.0,19
47676,d_rhkx,17164,1.21%,-0.00290181,8512,85,0.0,0.0,0.0,19
47677,d_rhkx,17169,1.77%,0.012555573,8512,85,0.0,0.0,0.0,19
47678,d_rhkx,17170,-0.71%,-0.002912043,8512,85,0.0,0.0,0.0,19
47679,d_rhkx,17171,-1.80%,-0.008346787,8512,85,0.0,0.0,0.0,19
47680,d_rhkx,17174,3.37%,-0.00083411,8512,85,0.0,0.0,0.0,19
47681,d_rhkx,17175,0.65%,0.002279827,8512,85,0.0,0.0,0.0,19
47682,d_rhkx,17176,1.26%,-0.006474345,8512,85,0.0,0.0,0.0,19
47683,d_rhkx,17177,2.19%,0.017202435,8512,85,0.0,0.0,0.0,19
47684,d_rhkx,17178,-1.40%,0.004736494,8512,85,0.0,0.0,0.0,19
47685,d_rhkx,17182,-0.89%,0.000441035,8512,85,0.0,0.0,0.0,19
47686,d_rhkx,17183,0.29%,-0.00078759,8512,85,0.0,0.0,0.0,19
47687,d_rhkx,17184,1.68%,-0.000392751,8512,85,0.0,0.0,0.0,19
47688,d_rhkx,17185,2.63%,0.007142431,8512,85,0.0,0.0,0.0,19
47689,d_rhkx,17188,0.15%,-0.003834483,8512,85,0.0,0.0,0.0,19
47690,d_rhkx,17189,-2.34%,-0.000509663,8512,85,0.0,0.0,0.0,19
47691,d_rhkx,17190,0.18%,0.009157076,8512,85,0.0,0.0,0.0,19
47692,d_rhkx,17191,0.28%,-0.003076982,8512,85,0.0,0.0,0.0,19
47693,d_rhkx,17192,-0.51%,-0.006636993,8512,85,0.0,0.0,0.0,19
47694,d_rhkx,17195,0.62%,0.002580714,8512,85,0.0,0.0,0.0,19
47695,d_rhkx,17196,1.10%,0.003380297,8512,85,0.0,0.0,0.0,19
47696,d_rhkx,17197,1.21%,-0.005021388,8512,85,0.0,0.0,0.0,19
47697,d_rhkx,17198,-0.78%,0.011357086,8512,85,0.0,0.0,0.0,19
47698,d_rhkx,17199,0.13%,0.005390641,8512,85,0.0,0.0,0.0,19
47699,d_rhkx,17202,0.10%,0.000654344,8512,85,0.0,0.0,0.0,19
47700,d_rhkx,17203,0.20%,0.003449113,8512,85,0.0,0.0,0.0,19
47701,d_rhkx,17204,0.35%,0.002832824,8512,85,0.0,0.0,0.0,19
47702,d_rhkx,17205,4.80%,-0.008689342,8512,85,0.0,0.0,0.0,19
47703,d_rhkx,17206,0.19%,0.005112292,8512,85,0.0,0.0,0.0,19
47704,d_rhkx,17209,-0.64%,-0.005735911,8512,85,0.0,0.0,0.0,19
47705,d_rhkx,17210,0.65%,0.001764273,8512,85,0.0,0.0,0.0,19
47706,d_rhkx,17211,-0.71%,0.007868598,8512,85,0.0,0.0,0.0,19
47707,d_rhkx,17212,-0.48%,-0.00108462,8512,85,0.0,0.0,0.0,19
47708,d_rhkx,17213,1.30%,-0.00125884,8512,85,0.0,0.0,0.0,19
47709,d_rhkx,17217,-1.07%,0.000483158,8512,85,0.0,0.0,0.0,19
47710,d_rhkx,17218,-1.51%,-0.006640556,8512,85,0.0,0.0,0.0,19
47711,d_rhkx,17219,0.63%,0.003276393,8512,85,0.0,0.0,0.0,19
47712,d_rhkx,17220,2.32%,0.002183317,8512,85,0.0,0.0,0.0,19
47713,d_rhkx,17223,-0.26%,0.004307159,8512,85,0.0,0.0,0.0,19
47714,d_rhkx,17224,-2.87%,-0.030371366,8512,85,0.0,0.0,0.0,19
47715,d_rhkx,17225,-1.15%,-0.014925871,8512,85,0.0,0.0,0.0,19
47716,d_rhkx,17226,-1.31%,-0.008870473,8512,85,0.0,0.0,0.0,19
47717,d_rhkx,17227,-1.07%,-0.003109504,8512,85,0.0,0.0,0.0,19
47718,d_rhkx,17230,-3.23%,-0.011847456,8512,85,0.0,0.0,0.0,19
47719,d_rhkx,17231,2.48%,0.009250937,8512,85,0.0,0.0,0.0,19
47720,d_rhkx,17232,-0.10%,0.005437953,8512,85,0.0,0.0,0.0,19
47721,d_rhkx,17233,5.41%,0.013529709,8512,85,0.0,0.0,0.0,19
47722,d_rhkx,17234,-1.09%,0.002207171,8512,85,0.0,0.0,0.0,19
47723,d_rhkx,17237,-0.20%,-0.00506872,8512,85,0.0,0.0,0.0,19
47724,d_rhkx,17238,-0.39%,-0.010744514,8512,85,0.0,0.0,0.0,19
47725,d_rhkx,17239,-1.55%,-0.026628962,8512,85,0.0,0.0,0.0,19
47726,d_rhkx,17240,2.07%,0.020131679,8512,85,0.0,0.0,0.0,19
47727,d_rhkx,17241,0.86%,0.000194911,8512,85,0.0,0.0,0.0,19
47728,d_rhkx,17244,4.37%,0.014834751,8512,85,0.0,0.0,0.0,19
47729,d_rhkx,17245,2.79%,0.007716489,8512,85,0.0,0.0,0.0,19
47730,d_rhkx,17246,-2.65%,0.004144573,8512,85,0.0,0.0,0.0,19
47731,d_rhkx,17247,1.53%,0.014768853,8512,85,0.0,0.0,0.0,19
47732,d_rhkx,17248,-0.34%,0.004756862,8512,85,0.0,0.0,0.0,19
47733,d_rhkx,17251,-1.49%,-0.008319736,8512,85,0.0,0.0,0.0,19
47734,d_rhkx,17252,0.23%,-0.001054063,8512,85,0.0,0.0,0.0,19
47735,d_rhkx,17253,-0.56%,-0.006328267,8512,85,0.0,0.0,0.0,19
47736,d_rhkx,17254,5.15%,0.011326775,8512,85,0.0,0.0,0.0,19
47737,d_rhkx,17255,-0.76%,-0.00017905,8512,85,0.0,0.0,0.0,19
47738,d_rhkx,17258,1.43%,0.003484596,8512,85,0.0,0.0,0.0,19
47739,d_rhkx,17259,1.17%,0.010555804,8512,85,0.0,0.0,0.0,19
47740,d_rhkx,17260,1.46%,0.001309673,8512,85,0.0,0.0,0.0,19
47741,d_rhkx,17261,0.15%,0.000721041,8512,85,0.0,0.0,0.0,19
47742,d_rhkx,17266,-0.13%,0.005898595,8512,85,0.0,0.0,0.0,19
47743,d_rhkx,17267,-0.99%,-0.000826158,8512,85,0.0,0.0,0.0,19
47744,d_rhkx,17268,-0.13%,-0.003649998,8512,85,0.0,0.0,0.0,19
47745,d_rhkx,17269,0.44%,0.006654507,8512,85,0.0,0.0,0.0,19
47746,d_rhkx,17272,0.98%,0.011452292,8512,85,0.0,0.0,0.0,19
47747,d_rhkx,17273,-1.93%,0.000361125,8512,85,0.0,0.0,0.0,19
47748,d_rhkx,17274,-1.36%,-0.005107507,8512,85,0.0,0.0,0.0,19
47749,d_rhkx,17275,0.91%,-0.003863998,8512,85,0.0,0.0,0.0,19
47750,d_rhkx,17276,-0.70%,0.012695584,8512,85,0.0,0.0,0.0,19
47751,d_rhkx,17279,-0.27%,-0.00105837,8512,85,0.0,0.0,0.0,19
47752,d_rhkx,17280,0.13%,-0.008939122,8512,85,0.0,0.0,0.0,19
47753,d_rhkx,17281,-0.67%,0.006284731,8512,85,0.0,0.0,0.0,19
47754,d_rhkx,17282,0.45%,0.001534299,8512,85,0.0,0.0,0.0,19
